<?xml version="1.0" encoding="us-ascii"?>
<!--XBRL document created with Crossfire by Rivet Software version 4.1.212.0 http://www.rivetsoftware.com-->
<!--Based on XBRL 2.1-->
<!--Created on: 8/11/2011 11:04:08 AM-->
<!--Modified on: 8/11/2011 11:04:08 AM-->
<linkbase xmlns="http://www.xbrl.org/2003/linkbase" xmlns:xsi="http://www.w3.org/2001/XMLSchema-instance" xmlns:xlink="http://www.w3.org/1999/xlink" xmlns:xbrldt="http://xbrl.org/2005/xbrldt" xsi:schemaLocation="http://www.xbrl.org/2003/linkbase http://www.xbrl.org/2003/xbrl-linkbase-2003-12-31.xsd">
  <roleRef xlink:type="simple" xlink:href="cibm-20110630.xsd#StatementConsolidatedBalanceSheetsParenthetical" roleURI="http://www.cibmarine.com/role/StatementConsolidatedBalanceSheetsParenthetical" />
  <roleRef xlink:type="simple" xlink:href="cibm-20110630.xsd#StatementConsolidatedStatementsOfStockholdersEquity" roleURI="http://www.cibmarine.com/role/StatementConsolidatedStatementsOfStockholdersEquity" />
  <arcroleRef xlink:type="simple" xlink:href="http://www.xbrl.org/2005/xbrldt-2005.xsd#hypercube-dimension" arcroleURI="http://xbrl.org/int/dim/arcrole/hypercube-dimension" />
  <arcroleRef xlink:type="simple" xlink:href="http://www.xbrl.org/2005/xbrldt-2005.xsd#dimension-domain" arcroleURI="http://xbrl.org/int/dim/arcrole/dimension-domain" />
  <arcroleRef xlink:type="simple" xlink:href="http://www.xbrl.org/2005/xbrldt-2005.xsd#dimension-default" arcroleURI="http://xbrl.org/int/dim/arcrole/dimension-default" />
  <arcroleRef xlink:type="simple" xlink:href="http://www.xbrl.org/2005/xbrldt-2005.xsd#domain-member" arcroleURI="http://xbrl.org/int/dim/arcrole/domain-member" />
  <arcroleRef xlink:type="simple" xlink:href="http://www.xbrl.org/2005/xbrldt-2005.xsd#all" arcroleURI="http://xbrl.org/int/dim/arcrole/all" />
  <definitionLink xlink:role="http://www.cibmarine.com/role/StatementConsolidatedBalanceSheetsParenthetical" xlink:type="extended" xlink:title="00105 - Statement - Consolidated Balance Sheets (Parenthetical)">
    <loc xlink:type="locator" xlink:href="http://xbrl.fasb.org/us-gaap/2011/elts/us-gaap-2011-01-31.xsd#us-gaap_StatementTable" xlink:label="us-gaap_StatementTable" />
    <loc xlink:type="locator" xlink:href="http://xbrl.fasb.org/us-gaap/2011/elts/us-gaap-2011-01-31.xsd#us-gaap_StatementClassOfStockAxis" xlink:label="us-gaap_StatementClassOfStockAxis" />
    <definitionArc xlink:type="arc" xlink:arcrole="http://xbrl.org/int/dim/arcrole/hypercube-dimension" order="1" xlink:from="us-gaap_StatementTable" xlink:to="us-gaap_StatementClassOfStockAxis" use="optional" />
    <loc xlink:type="locator" xlink:href="http://xbrl.fasb.org/us-gaap/2011/elts/us-gaap-2011-01-31.xsd#us-gaap_ClassOfStockDomain" xlink:label="us-gaap_ClassOfStockDomain" />
    <definitionArc xlink:type="arc" xlink:arcrole="http://xbrl.org/int/dim/arcrole/dimension-domain" order="1" xlink:from="us-gaap_StatementClassOfStockAxis" xlink:to="us-gaap_ClassOfStockDomain" use="optional" />
    <loc xlink:type="locator" xlink:href="http://xbrl.fasb.org/us-gaap/2011/elts/us-gaap-2011-01-31.xsd#us-gaap_ClassOfStockDomain" xlink:label="us-gaap_ClassOfStockDomain_634486574474915020" />
    <definitionArc xlink:type="arc" xlink:arcrole="http://xbrl.org/int/dim/arcrole/dimension-default" order="1" xlink:from="us-gaap_StatementClassOfStockAxis" xlink:to="us-gaap_ClassOfStockDomain_634486574474915020" use="optional" />
    <loc xlink:type="locator" xlink:href="http://xbrl.fasb.org/us-gaap/2011/elts/us-gaap-2011-01-31.xsd#us-gaap_SeriesAPreferredStockMember" xlink:label="us-gaap_SeriesAPreferredStockMember" />
    <definitionArc xlink:type="arc" xlink:arcrole="http://xbrl.org/int/dim/arcrole/domain-member" order="1" xlink:from="us-gaap_ClassOfStockDomain" xlink:to="us-gaap_SeriesAPreferredStockMember" use="optional" />
    <loc xlink:type="locator" xlink:href="http://xbrl.fasb.org/us-gaap/2011/elts/us-gaap-2011-01-31.xsd#us-gaap_SeriesBPreferredStockMember" xlink:label="us-gaap_SeriesBPreferredStockMember" />
    <definitionArc xlink:type="arc" xlink:arcrole="http://xbrl.org/int/dim/arcrole/domain-member" order="2" xlink:from="us-gaap_ClassOfStockDomain" xlink:to="us-gaap_SeriesBPreferredStockMember" use="optional" />
    <loc xlink:type="locator" xlink:href="http://xbrl.fasb.org/us-gaap/2011/elts/us-gaap-2011-01-31.xsd#us-gaap_StatementLineItems" xlink:label="us-gaap_StatementLineItems" />
    <definitionArc xlink:type="arc" xlink:arcrole="http://xbrl.org/int/dim/arcrole/all" order="1" xlink:from="us-gaap_StatementLineItems" xlink:to="us-gaap_StatementTable" use="optional" xbrldt:contextElement="segment" xbrldt:closed="true" />
    <loc xlink:type="locator" xlink:href="http://xbrl.fasb.org/us-gaap/2011/elts/us-gaap-2011-01-31.xsd#us-gaap_PreferredStockParOrStatedValuePerShare" xlink:label="us-gaap_PreferredStockParOrStatedValuePerShare" />
    <definitionArc xlink:type="arc" xlink:arcrole="http://xbrl.org/int/dim/arcrole/domain-member" order="2" xlink:from="us-gaap_StatementLineItems" xlink:to="us-gaap_PreferredStockParOrStatedValuePerShare" priority="1" use="optional" />
    <loc xlink:type="locator" xlink:href="http://xbrl.fasb.org/us-gaap/2011/elts/us-gaap-2011-01-31.xsd#us-gaap_PreferredStockSharesAuthorized" xlink:label="us-gaap_PreferredStockSharesAuthorized" />
    <definitionArc xlink:type="arc" xlink:arcrole="http://xbrl.org/int/dim/arcrole/domain-member" order="3" xlink:from="us-gaap_StatementLineItems" xlink:to="us-gaap_PreferredStockSharesAuthorized" priority="1" use="optional" />
    <loc xlink:type="locator" xlink:href="http://xbrl.fasb.org/us-gaap/2011/elts/us-gaap-2011-01-31.xsd#us-gaap_PreferredStockSharesIssued" xlink:label="us-gaap_PreferredStockSharesIssued" />
    <definitionArc xlink:type="arc" xlink:arcrole="http://xbrl.org/int/dim/arcrole/domain-member" order="4" xlink:from="us-gaap_StatementLineItems" xlink:to="us-gaap_PreferredStockSharesIssued" priority="1" use="optional" />
    <loc xlink:type="locator" xlink:href="cibm-20110630.xsd#cik000086195_PreferredStockLiquidationPreferenceValue" xlink:label="cik000086195_PreferredStockLiquidationPreferenceValue" />
    <definitionArc xlink:type="arc" xlink:arcrole="http://xbrl.org/int/dim/arcrole/domain-member" order="5" xlink:from="us-gaap_StatementLineItems" xlink:to="cik000086195_PreferredStockLiquidationPreferenceValue" priority="1" use="optional" />
    <loc xlink:type="locator" xlink:href="http://xbrl.fasb.org/us-gaap/2011/elts/us-gaap-2011-01-31.xsd#us-gaap_CommonStockParOrStatedValuePerShare" xlink:label="us-gaap_CommonStockParOrStatedValuePerShare" />
    <definitionArc xlink:type="arc" xlink:arcrole="http://xbrl.org/int/dim/arcrole/domain-member" order="6" xlink:from="us-gaap_StatementLineItems" xlink:to="us-gaap_CommonStockParOrStatedValuePerShare" priority="1" use="optional" />
    <loc xlink:type="locator" xlink:href="http://xbrl.fasb.org/us-gaap/2011/elts/us-gaap-2011-01-31.xsd#us-gaap_CommonStockSharesAuthorized" xlink:label="us-gaap_CommonStockSharesAuthorized" />
    <definitionArc xlink:type="arc" xlink:arcrole="http://xbrl.org/int/dim/arcrole/domain-member" order="7" xlink:from="us-gaap_StatementLineItems" xlink:to="us-gaap_CommonStockSharesAuthorized" priority="1" use="optional" />
    <loc xlink:type="locator" xlink:href="http://xbrl.fasb.org/us-gaap/2011/elts/us-gaap-2011-01-31.xsd#us-gaap_CommonStockSharesIssued" xlink:label="us-gaap_CommonStockSharesIssued" />
    <definitionArc xlink:type="arc" xlink:arcrole="http://xbrl.org/int/dim/arcrole/domain-member" order="8" xlink:from="us-gaap_StatementLineItems" xlink:to="us-gaap_CommonStockSharesIssued" priority="1" use="optional" />
    <loc xlink:type="locator" xlink:href="http://xbrl.fasb.org/us-gaap/2011/elts/us-gaap-2011-01-31.xsd#us-gaap_CommonStockSharesOutstanding" xlink:label="us-gaap_CommonStockSharesOutstanding" />
    <definitionArc xlink:type="arc" xlink:arcrole="http://xbrl.org/int/dim/arcrole/domain-member" order="9" xlink:from="us-gaap_StatementLineItems" xlink:to="us-gaap_CommonStockSharesOutstanding" priority="1" use="optional" />
    <loc xlink:type="locator" xlink:href="http://xbrl.fasb.org/us-gaap/2011/elts/us-gaap-2011-01-31.xsd#us-gaap_TreasuryStockShares" xlink:label="us-gaap_TreasuryStockShares" />
    <definitionArc xlink:type="arc" xlink:arcrole="http://xbrl.org/int/dim/arcrole/domain-member" order="10" xlink:from="us-gaap_StatementLineItems" xlink:to="us-gaap_TreasuryStockShares" priority="1" use="optional" />
  </definitionLink>
  <definitionLink xlink:role="http://www.cibmarine.com/role/StatementConsolidatedStatementsOfStockholdersEquity" xlink:type="extended" xlink:title="00300 - Statement - Consolidated Statements Of Stockholders' Equity">
    <loc xlink:type="locator" xlink:href="http://xbrl.fasb.org/us-gaap/2011/elts/us-gaap-2011-01-31.xsd#us-gaap_StatementTable" xlink:label="us-gaap_StatementTable" />
    <loc xlink:type="locator" xlink:href="http://xbrl.fasb.org/us-gaap/2011/elts/us-gaap-2011-01-31.xsd#us-gaap_StatementEquityComponentsAxis" xlink:label="us-gaap_StatementEquityComponentsAxis" />
    <definitionArc xlink:type="arc" xlink:arcrole="http://xbrl.org/int/dim/arcrole/hypercube-dimension" order="1" xlink:from="us-gaap_StatementTable" xlink:to="us-gaap_StatementEquityComponentsAxis" use="optional" />
    <loc xlink:type="locator" xlink:href="http://xbrl.fasb.org/us-gaap/2011/elts/us-gaap-2011-01-31.xsd#us-gaap_EquityComponentDomain" xlink:label="us-gaap_EquityComponentDomain" />
    <definitionArc xlink:type="arc" xlink:arcrole="http://xbrl.org/int/dim/arcrole/dimension-domain" order="1" xlink:from="us-gaap_StatementEquityComponentsAxis" xlink:to="us-gaap_EquityComponentDomain" use="optional" />
    <loc xlink:type="locator" xlink:href="http://xbrl.fasb.org/us-gaap/2011/elts/us-gaap-2011-01-31.xsd#us-gaap_EquityComponentDomain" xlink:label="us-gaap_EquityComponentDomain_634486574474915020" />
    <definitionArc xlink:type="arc" xlink:arcrole="http://xbrl.org/int/dim/arcrole/dimension-default" order="1" xlink:from="us-gaap_StatementEquityComponentsAxis" xlink:to="us-gaap_EquityComponentDomain_634486574474915020" use="optional" />
    <loc xlink:type="locator" xlink:href="http://xbrl.fasb.org/us-gaap/2011/elts/us-gaap-2011-01-31.xsd#us-gaap_CommonStockMember" xlink:label="us-gaap_CommonStockMember" />
    <definitionArc xlink:type="arc" xlink:arcrole="http://xbrl.org/int/dim/arcrole/domain-member" order="1" xlink:from="us-gaap_EquityComponentDomain" xlink:to="us-gaap_CommonStockMember" use="optional" />
    <loc xlink:type="locator" xlink:href="http://xbrl.fasb.org/us-gaap/2011/elts/us-gaap-2011-01-31.xsd#us-gaap_PreferredStockMember" xlink:label="us-gaap_PreferredStockMember" />
    <definitionArc xlink:type="arc" xlink:arcrole="http://xbrl.org/int/dim/arcrole/domain-member" order="2" xlink:from="us-gaap_EquityComponentDomain" xlink:to="us-gaap_PreferredStockMember" use="optional" />
    <loc xlink:type="locator" xlink:href="http://xbrl.fasb.org/us-gaap/2011/elts/us-gaap-2011-01-31.xsd#us-gaap_AdditionalPaidInCapitalMember" xlink:label="us-gaap_AdditionalPaidInCapitalMember" />
    <definitionArc xlink:type="arc" xlink:arcrole="http://xbrl.org/int/dim/arcrole/domain-member" order="3" xlink:from="us-gaap_EquityComponentDomain" xlink:to="us-gaap_AdditionalPaidInCapitalMember" use="optional" />
    <loc xlink:type="locator" xlink:href="http://xbrl.fasb.org/us-gaap/2011/elts/us-gaap-2011-01-31.xsd#us-gaap_RetainedEarningsMember" xlink:label="us-gaap_RetainedEarningsMember" />
    <definitionArc xlink:type="arc" xlink:arcrole="http://xbrl.org/int/dim/arcrole/domain-member" order="4" xlink:from="us-gaap_EquityComponentDomain" xlink:to="us-gaap_RetainedEarningsMember" use="optional" />
    <loc xlink:type="locator" xlink:href="http://xbrl.fasb.org/us-gaap/2011/elts/us-gaap-2011-01-31.xsd#us-gaap_AccumulatedOtherComprehensiveIncomeMember" xlink:label="us-gaap_AccumulatedOtherComprehensiveIncomeMember" />
    <definitionArc xlink:type="arc" xlink:arcrole="http://xbrl.org/int/dim/arcrole/domain-member" order="5" xlink:from="us-gaap_EquityComponentDomain" xlink:to="us-gaap_AccumulatedOtherComprehensiveIncomeMember" use="optional" />
    <loc xlink:type="locator" xlink:href="http://xbrl.fasb.org/us-gaap/2011/elts/us-gaap-2011-01-31.xsd#us-gaap_TreasuryStockMember" xlink:label="us-gaap_TreasuryStockMember" />
    <definitionArc xlink:type="arc" xlink:arcrole="http://xbrl.org/int/dim/arcrole/domain-member" order="6" xlink:from="us-gaap_EquityComponentDomain" xlink:to="us-gaap_TreasuryStockMember" use="optional" />
    <loc xlink:type="locator" xlink:href="http://xbrl.fasb.org/us-gaap/2011/elts/us-gaap-2011-01-31.xsd#us-gaap_StatementLineItems" xlink:label="us-gaap_StatementLineItems" />
    <definitionArc xlink:type="arc" xlink:arcrole="http://xbrl.org/int/dim/arcrole/all" order="1" xlink:from="us-gaap_StatementLineItems" xlink:to="us-gaap_StatementTable" use="optional" xbrldt:contextElement="segment" xbrldt:closed="true" />
    <loc xlink:type="locator" xlink:href="http://xbrl.fasb.org/us-gaap/2011/elts/us-gaap-2011-01-31.xsd#us-gaap_StockholdersEquity" xlink:label="us-gaap_StockholdersEquity" />
    <definitionArc xlink:type="arc" xlink:arcrole="http://xbrl.org/int/dim/arcrole/domain-member" order="2" xlink:from="us-gaap_StatementLineItems" xlink:to="us-gaap_StockholdersEquity" priority="1" use="optional" />
    <loc xlink:type="locator" xlink:href="http://xbrl.fasb.org/us-gaap/2011/elts/us-gaap-2011-01-31.xsd#us-gaap_SharesIssued" xlink:label="us-gaap_SharesIssued" />
    <definitionArc xlink:type="arc" xlink:arcrole="http://xbrl.org/int/dim/arcrole/domain-member" order="3" xlink:from="us-gaap_StatementLineItems" xlink:to="us-gaap_SharesIssued" priority="1" use="optional" />
    <loc xlink:type="locator" xlink:href="http://xbrl.fasb.org/us-gaap/2011/elts/us-gaap-2011-01-31.xsd#us-gaap_ComprehensiveIncomeNetOfTaxAbstract" xlink:label="us-gaap_ComprehensiveIncomeNetOfTaxAbstract" />
    <definitionArc xlink:type="arc" xlink:arcrole="http://xbrl.org/int/dim/arcrole/domain-member" order="4" xlink:from="us-gaap_StatementLineItems" xlink:to="us-gaap_ComprehensiveIncomeNetOfTaxAbstract" priority="1" use="optional" />
    <loc xlink:type="locator" xlink:href="http://xbrl.fasb.org/us-gaap/2011/elts/us-gaap-2011-01-31.xsd#us-gaap_OtherComprehensiveIncomeReclassificationAdjustmentForWriteDownOfSecuritiesIncludedInNetIncomeTax" xlink:label="us-gaap_OtherComprehensiveIncomeReclassificationAdjustmentForWriteDownOfSecuritiesIncludedInNetIncomeTax" />
    <definitionArc xlink:type="arc" xlink:arcrole="http://xbrl.org/int/dim/arcrole/domain-member" order="1" xlink:from="us-gaap_ComprehensiveIncomeNetOfTaxAbstract" xlink:to="us-gaap_OtherComprehensiveIncomeReclassificationAdjustmentForWriteDownOfSecuritiesIncludedInNetIncomeTax" priority="1" use="optional" />
    <loc xlink:type="locator" xlink:href="http://xbrl.fasb.org/us-gaap/2011/elts/us-gaap-2011-01-31.xsd#us-gaap_AvailableForSaleSecuritiesChangeInNetUnrealizedHoldingGainLossNetOfTax" xlink:label="us-gaap_AvailableForSaleSecuritiesChangeInNetUnrealizedHoldingGainLossNetOfTax" />
    <definitionArc xlink:type="arc" xlink:arcrole="http://xbrl.org/int/dim/arcrole/domain-member" order="2" xlink:from="us-gaap_ComprehensiveIncomeNetOfTaxAbstract" xlink:to="us-gaap_AvailableForSaleSecuritiesChangeInNetUnrealizedHoldingGainLossNetOfTax" priority="1" use="optional" />
    <loc xlink:type="locator" xlink:href="http://xbrl.fasb.org/us-gaap/2011/elts/us-gaap-2011-01-31.xsd#us-gaap_AvailableForSaleSecuritiesGrossRealizedGainLossNet" xlink:label="us-gaap_AvailableForSaleSecuritiesGrossRealizedGainLossNet" />
    <definitionArc xlink:type="arc" xlink:arcrole="http://xbrl.org/int/dim/arcrole/domain-member" order="3" xlink:from="us-gaap_ComprehensiveIncomeNetOfTaxAbstract" xlink:to="us-gaap_AvailableForSaleSecuritiesGrossRealizedGainLossNet" priority="1" use="optional" />
    <loc xlink:type="locator" xlink:href="http://xbrl.fasb.org/us-gaap/2011/elts/us-gaap-2011-01-31.xsd#us-gaap_NetIncomeLoss" xlink:label="us-gaap_NetIncomeLoss" />
    <definitionArc xlink:type="arc" xlink:arcrole="http://xbrl.org/int/dim/arcrole/domain-member" order="4" xlink:from="us-gaap_ComprehensiveIncomeNetOfTaxAbstract" xlink:to="us-gaap_NetIncomeLoss" priority="1" use="optional" />
    <loc xlink:type="locator" xlink:href="http://xbrl.fasb.org/us-gaap/2011/elts/us-gaap-2011-01-31.xsd#us-gaap_ComprehensiveIncomeNetOfTax" xlink:label="us-gaap_ComprehensiveIncomeNetOfTax" />
    <definitionArc xlink:type="arc" xlink:arcrole="http://xbrl.org/int/dim/arcrole/domain-member" order="5" xlink:from="us-gaap_ComprehensiveIncomeNetOfTaxAbstract" xlink:to="us-gaap_ComprehensiveIncomeNetOfTax" priority="1" use="optional" />
    <loc xlink:type="locator" xlink:href="http://xbrl.fasb.org/us-gaap/2011/elts/us-gaap-2011-01-31.xsd#us-gaap_AdjustmentsToAdditionalPaidInCapitalSharebasedCompensationRequisiteServicePeriodRecognitionValue" xlink:label="us-gaap_AdjustmentsToAdditionalPaidInCapitalSharebasedCompensationRequisiteServicePeriodRecognitionValue" />
    <definitionArc xlink:type="arc" xlink:arcrole="http://xbrl.org/int/dim/arcrole/domain-member" order="5" xlink:from="us-gaap_StatementLineItems" xlink:to="us-gaap_AdjustmentsToAdditionalPaidInCapitalSharebasedCompensationRequisiteServicePeriodRecognitionValue" priority="1" use="optional" />
    <loc xlink:type="locator" xlink:href="cibm-20110630.xsd#cik000086195_ReversalOfStockOptionCompensationDueToStockOptionForfeitures" xlink:label="cik000086195_ReversalOfStockOptionCompensationDueToStockOptionForfeitures" />
    <definitionArc xlink:type="arc" xlink:arcrole="http://xbrl.org/int/dim/arcrole/domain-member" order="6" xlink:from="us-gaap_StatementLineItems" xlink:to="cik000086195_ReversalOfStockOptionCompensationDueToStockOptionForfeitures" priority="1" use="optional" />
  </definitionLink>
</linkbase>