<?xml version="1.0" encoding="us-ascii"?>
<!--XBRL document created with Crossfire by Rivet Software version 4.2.117.0 http://www.rivetsoftware.com-->
<!--Based on XBRL 2.1-->
<!--Created on: 11/10/2011 10:46:10 AM-->
<!--Modified on: 11/10/2011 10:46:10 AM-->
<linkbase xmlns="http://www.xbrl.org/2003/linkbase" xmlns:xsi="http://www.w3.org/2001/XMLSchema-instance" xmlns:xlink="http://www.w3.org/1999/xlink" xsi:schemaLocation="http://www.xbrl.org/2003/linkbase http://www.xbrl.org/2003/xbrl-linkbase-2003-12-31.xsd">
  <roleRef xlink:type="simple" xlink:href="cibm-20110930.xsd#StatementConsolidatedBalanceSheets" roleURI="http://www.cibmarine.com/role/StatementConsolidatedBalanceSheets" />
  <roleRef xlink:type="simple" xlink:href="cibm-20110930.xsd#StatementConsolidatedStatementsOfOperations" roleURI="http://www.cibmarine.com/role/StatementConsolidatedStatementsOfOperations" />
  <roleRef xlink:type="simple" xlink:href="cibm-20110930.xsd#StatementConsolidatedStatementsOfStockholdersEquity" roleURI="http://www.cibmarine.com/role/StatementConsolidatedStatementsOfStockholdersEquity" />
  <roleRef xlink:type="simple" xlink:href="cibm-20110930.xsd#StatementConsolidatedStatementsOfCashFlows" roleURI="http://www.cibmarine.com/role/StatementConsolidatedStatementsOfCashFlows" />
  <calculationLink xlink:role="http://www.cibmarine.com/role/StatementConsolidatedBalanceSheets" xlink:type="extended" xlink:title="00100 - Statement - Consolidated Balance Sheets">
    <loc xlink:type="locator" xlink:href="http://xbrl.fasb.org/us-gaap/2011/elts/us-gaap-2011-01-31.xsd#us-gaap_Assets" xlink:label="us-gaap_Assets_634354273287207973" />
    <loc xlink:type="locator" xlink:href="http://xbrl.fasb.org/us-gaap/2011/elts/us-gaap-2011-01-31.xsd#us-gaap_CashAndDueFromBanks" xlink:label="us-gaap_CashAndDueFromBanks_634565187683733004" />
    <calculationArc xlink:type="arc" xlink:arcrole="http://www.xbrl.org/2003/arcrole/summation-item" xlink:from="us-gaap_Assets_634354273287207973" xlink:to="us-gaap_CashAndDueFromBanks_634565187683733004" order="1" use="optional" weight="1" priority="3" />
    <loc xlink:type="locator" xlink:href="http://xbrl.fasb.org/us-gaap/2011/elts/us-gaap-2011-01-31.xsd#us-gaap_AvailableForSaleSecurities" xlink:label="us-gaap_AvailableForSaleSecurities_634565187683743004" />
    <calculationArc xlink:type="arc" xlink:arcrole="http://www.xbrl.org/2003/arcrole/summation-item" xlink:from="us-gaap_Assets_634354273287207973" xlink:to="us-gaap_AvailableForSaleSecurities_634565187683743004" order="2" use="optional" weight="1" priority="2" />
    <loc xlink:type="locator" xlink:href="http://xbrl.fasb.org/us-gaap/2011/elts/us-gaap-2011-01-31.xsd#us-gaap_LoansReceivableHeldForSaleNet" xlink:label="us-gaap_LoansReceivableHeldForSaleNet_634565187683743004" />
    <calculationArc xlink:type="arc" xlink:arcrole="http://www.xbrl.org/2003/arcrole/summation-item" xlink:from="us-gaap_Assets_634354273287207973" xlink:to="us-gaap_LoansReceivableHeldForSaleNet_634565187683743004" order="3" use="optional" weight="1" priority="2" />
    <loc xlink:type="locator" xlink:href="http://xbrl.fasb.org/us-gaap/2011/elts/us-gaap-2011-01-31.xsd#us-gaap_LoansAndLeasesReceivableNetReportedAmount" xlink:label="us-gaap_LoansAndLeasesReceivableNetReportedAmount_634565187683743004" />
    <calculationArc xlink:type="arc" xlink:arcrole="http://www.xbrl.org/2003/arcrole/summation-item" xlink:from="us-gaap_Assets_634354273287207973" xlink:to="us-gaap_LoansAndLeasesReceivableNetReportedAmount_634565187683743004" order="4" use="optional" weight="1" priority="2" />
    <loc xlink:type="locator" xlink:href="http://xbrl.fasb.org/us-gaap/2011/elts/us-gaap-2011-01-31.xsd#us-gaap_LoansAndLeasesReceivableAllowance" xlink:label="us-gaap_LoansAndLeasesReceivableAllowance_634565187683743004" />
    <calculationArc xlink:type="arc" xlink:arcrole="http://www.xbrl.org/2003/arcrole/summation-item" xlink:from="us-gaap_LoansAndLeasesReceivableNetReportedAmount_634565187683743004" xlink:to="us-gaap_LoansAndLeasesReceivableAllowance_634565187683743004" order="1" use="optional" weight="-1" priority="2" />
    <loc xlink:type="locator" xlink:href="http://xbrl.fasb.org/us-gaap/2011/elts/us-gaap-2011-01-31.xsd#us-gaap_LoansAndLeasesReceivableNetOfDeferredIncome" xlink:label="us-gaap_LoansAndLeasesReceivableNetOfDeferredIncome_634565187683743004" />
    <calculationArc xlink:type="arc" xlink:arcrole="http://www.xbrl.org/2003/arcrole/summation-item" xlink:from="us-gaap_LoansAndLeasesReceivableNetReportedAmount_634565187683743004" xlink:to="us-gaap_LoansAndLeasesReceivableNetOfDeferredIncome_634565187683743004" order="2" use="optional" weight="1" priority="3" />
    <loc xlink:type="locator" xlink:href="http://xbrl.fasb.org/us-gaap/2011/elts/us-gaap-2011-01-31.xsd#us-gaap_FederalHomeLoanBankStock" xlink:label="us-gaap_FederalHomeLoanBankStock_634565187683743004" />
    <calculationArc xlink:type="arc" xlink:arcrole="http://www.xbrl.org/2003/arcrole/summation-item" xlink:from="us-gaap_Assets_634354273287207973" xlink:to="us-gaap_FederalHomeLoanBankStock_634565187683743004" order="5" use="optional" weight="1" priority="2" />
    <loc xlink:type="locator" xlink:href="http://xbrl.fasb.org/us-gaap/2011/elts/us-gaap-2011-01-31.xsd#us-gaap_PropertyPlantAndEquipmentNet" xlink:label="us-gaap_PropertyPlantAndEquipmentNet_634565187683743004" />
    <calculationArc xlink:type="arc" xlink:arcrole="http://www.xbrl.org/2003/arcrole/summation-item" xlink:from="us-gaap_Assets_634354273287207973" xlink:to="us-gaap_PropertyPlantAndEquipmentNet_634565187683743004" order="6" use="optional" weight="1" priority="2" />
    <loc xlink:type="locator" xlink:href="http://xbrl.fasb.org/us-gaap/2011/elts/us-gaap-2011-01-31.xsd#us-gaap_InterestReceivable" xlink:label="us-gaap_InterestReceivable_634565187683743004" />
    <calculationArc xlink:type="arc" xlink:arcrole="http://www.xbrl.org/2003/arcrole/summation-item" xlink:from="us-gaap_Assets_634354273287207973" xlink:to="us-gaap_InterestReceivable_634565187683743004" order="7" use="optional" weight="1" priority="2" />
    <loc xlink:type="locator" xlink:href="http://xbrl.fasb.org/us-gaap/2011/elts/us-gaap-2011-01-31.xsd#us-gaap_AssetsOfDisposalGroupIncludingDiscontinuedOperation" xlink:label="us-gaap_AssetsOfDisposalGroupIncludingDiscontinuedOperation_634565187683743004" />
    <calculationArc xlink:type="arc" xlink:arcrole="http://www.xbrl.org/2003/arcrole/summation-item" xlink:from="us-gaap_Assets_634354273287207973" xlink:to="us-gaap_AssetsOfDisposalGroupIncludingDiscontinuedOperation_634565187683743004" order="8" use="optional" weight="1" priority="2" />
    <loc xlink:type="locator" xlink:href="http://xbrl.fasb.org/us-gaap/2011/elts/us-gaap-2011-01-31.xsd#us-gaap_OtherAssets" xlink:label="us-gaap_OtherAssets_634565187683753004" />
    <calculationArc xlink:type="arc" xlink:arcrole="http://www.xbrl.org/2003/arcrole/summation-item" xlink:from="us-gaap_Assets_634354273287207973" xlink:to="us-gaap_OtherAssets_634565187683753004" order="9" use="optional" weight="1" priority="2" />
    <loc xlink:type="locator" xlink:href="http://xbrl.fasb.org/us-gaap/2011/elts/us-gaap-2011-01-31.xsd#us-gaap_OtherRealEstate" xlink:label="us-gaap_OtherRealEstate_634565187683753004" />
    <calculationArc xlink:type="arc" xlink:arcrole="http://www.xbrl.org/2003/arcrole/summation-item" xlink:from="us-gaap_Assets_634354273287207973" xlink:to="us-gaap_OtherRealEstate_634565187683753004" order="10" use="optional" weight="1" priority="2" />
    <loc xlink:type="locator" xlink:href="http://xbrl.fasb.org/us-gaap/2011/elts/us-gaap-2011-01-31.xsd#us-gaap_LiabilitiesAndStockholdersEquity" xlink:label="us-gaap_LiabilitiesAndStockholdersEquity_634354273287107829" />
    <loc xlink:type="locator" xlink:href="http://xbrl.fasb.org/us-gaap/2011/elts/us-gaap-2011-01-31.xsd#us-gaap_Liabilities" xlink:label="us-gaap_Liabilities_634565187683813004" />
    <calculationArc xlink:type="arc" xlink:arcrole="http://www.xbrl.org/2003/arcrole/summation-item" xlink:from="us-gaap_LiabilitiesAndStockholdersEquity_634354273287107829" xlink:to="us-gaap_Liabilities_634565187683813004" order="1" use="optional" weight="1" priority="2" />
    <loc xlink:type="locator" xlink:href="http://xbrl.fasb.org/us-gaap/2011/elts/us-gaap-2011-01-31.xsd#us-gaap_Deposits" xlink:label="us-gaap_Deposits_634565187683813004" />
    <calculationArc xlink:type="arc" xlink:arcrole="http://www.xbrl.org/2003/arcrole/summation-item" xlink:from="us-gaap_Liabilities_634565187683813004" xlink:to="us-gaap_Deposits_634565187683813004" order="1" use="optional" weight="1" priority="2" />
    <loc xlink:type="locator" xlink:href="http://xbrl.fasb.org/us-gaap/2011/elts/us-gaap-2011-01-31.xsd#us-gaap_InterestBearingDepositLiabilities" xlink:label="us-gaap_InterestBearingDepositLiabilities_634565187683823004" />
    <calculationArc xlink:type="arc" xlink:arcrole="http://www.xbrl.org/2003/arcrole/summation-item" xlink:from="us-gaap_Deposits_634565187683813004" xlink:to="us-gaap_InterestBearingDepositLiabilities_634565187683823004" order="1" use="optional" weight="1" priority="2" />
    <loc xlink:type="locator" xlink:href="http://xbrl.fasb.org/us-gaap/2011/elts/us-gaap-2011-01-31.xsd#us-gaap_NoninterestBearingDepositLiabilities" xlink:label="us-gaap_NoninterestBearingDepositLiabilities_634565187683823004" />
    <calculationArc xlink:type="arc" xlink:arcrole="http://www.xbrl.org/2003/arcrole/summation-item" xlink:from="us-gaap_Deposits_634565187683813004" xlink:to="us-gaap_NoninterestBearingDepositLiabilities_634565187683823004" order="2" use="optional" weight="1" priority="2" />
    <loc xlink:type="locator" xlink:href="http://xbrl.fasb.org/us-gaap/2011/elts/us-gaap-2011-01-31.xsd#us-gaap_DepositsSavingsDeposits" xlink:label="us-gaap_DepositsSavingsDeposits_634565187683823004" />
    <calculationArc xlink:type="arc" xlink:arcrole="http://www.xbrl.org/2003/arcrole/summation-item" xlink:from="us-gaap_Deposits_634565187683813004" xlink:to="us-gaap_DepositsSavingsDeposits_634565187683823004" order="3" use="optional" weight="1" priority="2" />
    <loc xlink:type="locator" xlink:href="http://xbrl.fasb.org/us-gaap/2011/elts/us-gaap-2011-01-31.xsd#us-gaap_TimeDeposits" xlink:label="us-gaap_TimeDeposits_634565187683823004" />
    <calculationArc xlink:type="arc" xlink:arcrole="http://www.xbrl.org/2003/arcrole/summation-item" xlink:from="us-gaap_Deposits_634565187683813004" xlink:to="us-gaap_TimeDeposits_634565187683823004" order="4" use="optional" weight="1" priority="2" />
    <loc xlink:type="locator" xlink:href="http://xbrl.fasb.org/us-gaap/2011/elts/us-gaap-2011-01-31.xsd#us-gaap_ShortTermBorrowings" xlink:label="us-gaap_ShortTermBorrowings_634565187683823004" />
    <calculationArc xlink:type="arc" xlink:arcrole="http://www.xbrl.org/2003/arcrole/summation-item" xlink:from="us-gaap_Liabilities_634565187683813004" xlink:to="us-gaap_ShortTermBorrowings_634565187683823004" order="2" use="optional" weight="1" priority="2" />
    <loc xlink:type="locator" xlink:href="http://xbrl.fasb.org/us-gaap/2011/elts/us-gaap-2011-01-31.xsd#us-gaap_LongTermDebt" xlink:label="us-gaap_LongTermDebt_634565187683823004" />
    <calculationArc xlink:type="arc" xlink:arcrole="http://www.xbrl.org/2003/arcrole/summation-item" xlink:from="us-gaap_Liabilities_634565187683813004" xlink:to="us-gaap_LongTermDebt_634565187683823004" order="3" use="optional" weight="1" priority="2" />
    <loc xlink:type="locator" xlink:href="http://xbrl.fasb.org/us-gaap/2011/elts/us-gaap-2011-01-31.xsd#us-gaap_InterestPayableCurrentAndNoncurrent" xlink:label="us-gaap_InterestPayableCurrentAndNoncurrent_634565187683823004" />
    <calculationArc xlink:type="arc" xlink:arcrole="http://www.xbrl.org/2003/arcrole/summation-item" xlink:from="us-gaap_Liabilities_634565187683813004" xlink:to="us-gaap_InterestPayableCurrentAndNoncurrent_634565187683823004" order="4" use="optional" weight="1" priority="2" />
    <loc xlink:type="locator" xlink:href="http://xbrl.fasb.org/us-gaap/2011/elts/us-gaap-2011-01-31.xsd#us-gaap_LiabilitiesOfDisposalGroupIncludingDiscontinuedOperation" xlink:label="us-gaap_LiabilitiesOfDisposalGroupIncludingDiscontinuedOperation_634565187683823004" />
    <calculationArc xlink:type="arc" xlink:arcrole="http://www.xbrl.org/2003/arcrole/summation-item" xlink:from="us-gaap_Liabilities_634565187683813004" xlink:to="us-gaap_LiabilitiesOfDisposalGroupIncludingDiscontinuedOperation_634565187683823004" order="5" use="optional" weight="1" priority="2" />
    <loc xlink:type="locator" xlink:href="http://xbrl.fasb.org/us-gaap/2011/elts/us-gaap-2011-01-31.xsd#us-gaap_OtherLiabilities" xlink:label="us-gaap_OtherLiabilities_634565187683823004" />
    <calculationArc xlink:type="arc" xlink:arcrole="http://www.xbrl.org/2003/arcrole/summation-item" xlink:from="us-gaap_Liabilities_634565187683813004" xlink:to="us-gaap_OtherLiabilities_634565187683823004" order="6" use="optional" weight="1" priority="2" />
    <loc xlink:type="locator" xlink:href="http://xbrl.fasb.org/us-gaap/2011/elts/us-gaap-2011-01-31.xsd#us-gaap_StockholdersEquity" xlink:label="us-gaap_StockholdersEquity_634565187683833004" />
    <calculationArc xlink:type="arc" xlink:arcrole="http://www.xbrl.org/2003/arcrole/summation-item" xlink:from="us-gaap_LiabilitiesAndStockholdersEquity_634354273287107829" xlink:to="us-gaap_StockholdersEquity_634565187683833004" order="2" use="optional" weight="1" priority="2" />
    <loc xlink:type="locator" xlink:href="http://xbrl.fasb.org/us-gaap/2011/elts/us-gaap-2011-01-31.xsd#us-gaap_PreferredStockValue" xlink:label="us-gaap_PreferredStockValue_634565187683833004" />
    <calculationArc xlink:type="arc" xlink:arcrole="http://www.xbrl.org/2003/arcrole/summation-item" xlink:from="us-gaap_StockholdersEquity_634565187683833004" xlink:to="us-gaap_PreferredStockValue_634565187683833004" order="1" use="optional" weight="1" priority="2" />
    <loc xlink:type="locator" xlink:href="http://xbrl.fasb.org/us-gaap/2011/elts/us-gaap-2011-01-31.xsd#us-gaap_CommonStockValue" xlink:label="us-gaap_CommonStockValue_634565187683833004" />
    <calculationArc xlink:type="arc" xlink:arcrole="http://www.xbrl.org/2003/arcrole/summation-item" xlink:from="us-gaap_StockholdersEquity_634565187683833004" xlink:to="us-gaap_CommonStockValue_634565187683833004" order="2" use="optional" weight="1" priority="2" />
    <loc xlink:type="locator" xlink:href="http://xbrl.fasb.org/us-gaap/2011/elts/us-gaap-2011-01-31.xsd#us-gaap_RetainedEarningsAccumulatedDeficit" xlink:label="us-gaap_RetainedEarningsAccumulatedDeficit_634565187683903004" />
    <calculationArc xlink:type="arc" xlink:arcrole="http://www.xbrl.org/2003/arcrole/summation-item" xlink:from="us-gaap_StockholdersEquity_634565187683833004" xlink:to="us-gaap_RetainedEarningsAccumulatedDeficit_634565187683903004" order="3" use="optional" weight="1" priority="2" />
    <loc xlink:type="locator" xlink:href="http://xbrl.fasb.org/us-gaap/2011/elts/us-gaap-2011-01-31.xsd#us-gaap_TreasuryStockValue" xlink:label="us-gaap_TreasuryStockValue_634565187683913004" />
    <calculationArc xlink:type="arc" xlink:arcrole="http://www.xbrl.org/2003/arcrole/summation-item" xlink:from="us-gaap_StockholdersEquity_634565187683833004" xlink:to="us-gaap_TreasuryStockValue_634565187683913004" order="4" use="optional" weight="-1" priority="2" />
    <loc xlink:type="locator" xlink:href="http://xbrl.fasb.org/us-gaap/2011/elts/us-gaap-2011-01-31.xsd#us-gaap_AdditionalPaidInCapitalCommonStock" xlink:label="us-gaap_AdditionalPaidInCapitalCommonStock_634565187683913004" />
    <calculationArc xlink:type="arc" xlink:arcrole="http://www.xbrl.org/2003/arcrole/summation-item" xlink:from="us-gaap_StockholdersEquity_634565187683833004" xlink:to="us-gaap_AdditionalPaidInCapitalCommonStock_634565187683913004" order="5" use="optional" weight="1" priority="2" />
    <loc xlink:type="locator" xlink:href="http://xbrl.fasb.org/us-gaap/2011/elts/us-gaap-2011-01-31.xsd#us-gaap_AccumulatedOtherComprehensiveIncomeLossNetOfTax" xlink:label="us-gaap_AccumulatedOtherComprehensiveIncomeLossNetOfTax_634565187683913004" />
    <calculationArc xlink:type="arc" xlink:arcrole="http://www.xbrl.org/2003/arcrole/summation-item" xlink:from="us-gaap_StockholdersEquity_634565187683833004" xlink:to="us-gaap_AccumulatedOtherComprehensiveIncomeLossNetOfTax_634565187683913004" order="6" use="optional" weight="1" priority="2" />
    <loc xlink:type="locator" xlink:href="http://xbrl.fasb.org/us-gaap/2011/elts/us-gaap-2011-01-31.xsd#us-gaap_AccumulatedOtherComprehensiveIncomeLossAvailableForSaleSecuritiesAdjustmentNetOfTax" xlink:label="us-gaap_AccumulatedOtherComprehensiveIncomeLossAvailableForSaleSecuritiesAdjustmentNetOfTax_634565187683913004" />
    <calculationArc xlink:type="arc" xlink:arcrole="http://www.xbrl.org/2003/arcrole/summation-item" xlink:from="us-gaap_AccumulatedOtherComprehensiveIncomeLossNetOfTax_634565187683913004" xlink:to="us-gaap_AccumulatedOtherComprehensiveIncomeLossAvailableForSaleSecuritiesAdjustmentNetOfTax_634565187683913004" order="1" use="optional" weight="1" priority="2" />
    <loc xlink:type="locator" xlink:href="cibm-20110930.xsd#cik000086195_AccumulatedOtherComprehensiveLossRelatedToNonCreditOtherThanTemporaryImpairments" xlink:label="cik000086195_AccumulatedOtherComprehensiveLossRelatedToNonCreditOtherThanTemporaryImpairments_634565187683913004" />
    <calculationArc xlink:type="arc" xlink:arcrole="http://www.xbrl.org/2003/arcrole/summation-item" xlink:from="us-gaap_AccumulatedOtherComprehensiveIncomeLossNetOfTax_634565187683913004" xlink:to="cik000086195_AccumulatedOtherComprehensiveLossRelatedToNonCreditOtherThanTemporaryImpairments_634565187683913004" order="2" use="optional" weight="-1" priority="3" />
  </calculationLink>
  <calculationLink xlink:role="http://www.cibmarine.com/role/StatementConsolidatedStatementsOfOperations" xlink:type="extended" xlink:title="00200 - Statement - Consolidated Statements Of Operations">
    <loc xlink:type="locator" xlink:href="http://xbrl.fasb.org/us-gaap/2011/elts/us-gaap-2011-01-31.xsd#us-gaap_EarningsPerShareBasic" xlink:label="us-gaap_EarningsPerShareBasic" />
    <loc xlink:type="locator" xlink:href="http://xbrl.fasb.org/us-gaap/2011/elts/us-gaap-2011-01-31.xsd#us-gaap_IncomeLossFromContinuingOperationsPerBasicShare" xlink:label="us-gaap_IncomeLossFromContinuingOperationsPerBasicShare_634565187683923004" />
    <calculationArc xlink:type="arc" xlink:arcrole="http://www.xbrl.org/2003/arcrole/summation-item" xlink:from="us-gaap_EarningsPerShareBasic" xlink:to="us-gaap_IncomeLossFromContinuingOperationsPerBasicShare_634565187683923004" order="1" use="optional" weight="1" priority="2" />
    <loc xlink:type="locator" xlink:href="http://xbrl.fasb.org/us-gaap/2011/elts/us-gaap-2011-01-31.xsd#us-gaap_IncomeLossFromDiscontinuedOperationsNetOfTaxPerBasicShare" xlink:label="us-gaap_IncomeLossFromDiscontinuedOperationsNetOfTaxPerBasicShare_634565187683923004" />
    <calculationArc xlink:type="arc" xlink:arcrole="http://www.xbrl.org/2003/arcrole/summation-item" xlink:from="us-gaap_EarningsPerShareBasic" xlink:to="us-gaap_IncomeLossFromDiscontinuedOperationsNetOfTaxPerBasicShare_634565187683923004" order="2" use="optional" weight="1" priority="2" />
    <loc xlink:type="locator" xlink:href="http://xbrl.fasb.org/us-gaap/2011/elts/us-gaap-2011-01-31.xsd#us-gaap_EarningsPerShareDiluted" xlink:label="us-gaap_EarningsPerShareDiluted" />
    <loc xlink:type="locator" xlink:href="http://xbrl.fasb.org/us-gaap/2011/elts/us-gaap-2011-01-31.xsd#us-gaap_IncomeLossFromContinuingOperationsPerDilutedShare" xlink:label="us-gaap_IncomeLossFromContinuingOperationsPerDilutedShare_634565187683923004" />
    <calculationArc xlink:type="arc" xlink:arcrole="http://www.xbrl.org/2003/arcrole/summation-item" xlink:from="us-gaap_EarningsPerShareDiluted" xlink:to="us-gaap_IncomeLossFromContinuingOperationsPerDilutedShare_634565187683923004" order="1" use="optional" weight="1" priority="2" />
    <loc xlink:type="locator" xlink:href="http://xbrl.fasb.org/us-gaap/2011/elts/us-gaap-2011-01-31.xsd#us-gaap_IncomeLossFromDiscontinuedOperationsNetOfTaxPerDilutedShare" xlink:label="us-gaap_IncomeLossFromDiscontinuedOperationsNetOfTaxPerDilutedShare_634565187683923004" />
    <calculationArc xlink:type="arc" xlink:arcrole="http://www.xbrl.org/2003/arcrole/summation-item" xlink:from="us-gaap_EarningsPerShareDiluted" xlink:to="us-gaap_IncomeLossFromDiscontinuedOperationsNetOfTaxPerDilutedShare_634565187683923004" order="2" use="optional" weight="1" priority="2" />
    <loc xlink:type="locator" xlink:href="http://xbrl.fasb.org/us-gaap/2011/elts/us-gaap-2011-01-31.xsd#us-gaap_NetIncomeLossAvailableToCommonStockholdersBasic" xlink:label="us-gaap_NetIncomeLossAvailableToCommonStockholdersBasic" />
    <loc xlink:type="locator" xlink:href="http://xbrl.fasb.org/us-gaap/2011/elts/us-gaap-2011-01-31.xsd#us-gaap_PreferredStockDividendsIncomeStatementImpact" xlink:label="us-gaap_PreferredStockDividendsIncomeStatementImpact_634565187683923004" />
    <calculationArc xlink:type="arc" xlink:arcrole="http://www.xbrl.org/2003/arcrole/summation-item" xlink:from="us-gaap_NetIncomeLossAvailableToCommonStockholdersBasic" xlink:to="us-gaap_PreferredStockDividendsIncomeStatementImpact_634565187683923004" order="1" use="optional" weight="-1" priority="2" />
    <loc xlink:type="locator" xlink:href="http://xbrl.fasb.org/us-gaap/2011/elts/us-gaap-2011-01-31.xsd#us-gaap_NetIncomeLoss" xlink:label="us-gaap_NetIncomeLoss_634565187683923004" />
    <calculationArc xlink:type="arc" xlink:arcrole="http://www.xbrl.org/2003/arcrole/summation-item" xlink:from="us-gaap_NetIncomeLossAvailableToCommonStockholdersBasic" xlink:to="us-gaap_NetIncomeLoss_634565187683923004" order="2" use="optional" weight="1" priority="2" />
    <loc xlink:type="locator" xlink:href="http://xbrl.fasb.org/us-gaap/2011/elts/us-gaap-2011-01-31.xsd#us-gaap_IncomeLossFromContinuingOperationsIncludingPortionAttributableToNoncontrollingInterest" xlink:label="us-gaap_IncomeLossFromContinuingOperationsIncludingPortionAttributableToNoncontrollingInterest_634565187683923004" />
    <calculationArc xlink:type="arc" xlink:arcrole="http://www.xbrl.org/2003/arcrole/summation-item" xlink:from="us-gaap_NetIncomeLoss_634565187683923004" xlink:to="us-gaap_IncomeLossFromContinuingOperationsIncludingPortionAttributableToNoncontrollingInterest_634565187683923004" order="1" use="optional" weight="1" priority="2" />
    <loc xlink:type="locator" xlink:href="http://xbrl.fasb.org/us-gaap/2011/elts/us-gaap-2011-01-31.xsd#us-gaap_IncomeLossFromContinuingOperationsBeforeIncomeTaxesMinorityInterestAndIncomeLossFromEquityMethodInvestments" xlink:label="us-gaap_IncomeLossFromContinuingOperationsBeforeIncomeTaxesMinorityInterestAndIncomeLossFromEquityMethodInvestments_634565187683923004" />
    <calculationArc xlink:type="arc" xlink:arcrole="http://www.xbrl.org/2003/arcrole/summation-item" xlink:from="us-gaap_IncomeLossFromContinuingOperationsIncludingPortionAttributableToNoncontrollingInterest_634565187683923004" xlink:to="us-gaap_IncomeLossFromContinuingOperationsBeforeIncomeTaxesMinorityInterestAndIncomeLossFromEquityMethodInvestments_634565187683923004" order="1" use="optional" weight="1" priority="2" />
    <loc xlink:type="locator" xlink:href="http://xbrl.fasb.org/us-gaap/2011/elts/us-gaap-2011-01-31.xsd#us-gaap_InterestIncomeExpenseAfterProvisionForLoanLoss" xlink:label="us-gaap_InterestIncomeExpenseAfterProvisionForLoanLoss_634565187683923004" />
    <calculationArc xlink:type="arc" xlink:arcrole="http://www.xbrl.org/2003/arcrole/summation-item" xlink:from="us-gaap_IncomeLossFromContinuingOperationsBeforeIncomeTaxesMinorityInterestAndIncomeLossFromEquityMethodInvestments_634565187683923004" xlink:to="us-gaap_InterestIncomeExpenseAfterProvisionForLoanLoss_634565187683923004" order="1" use="optional" weight="1" priority="2" />
    <loc xlink:type="locator" xlink:href="http://xbrl.fasb.org/us-gaap/2011/elts/us-gaap-2011-01-31.xsd#us-gaap_InterestIncomeExpenseNet" xlink:label="us-gaap_InterestIncomeExpenseNet_634565187683933004" />
    <calculationArc xlink:type="arc" xlink:arcrole="http://www.xbrl.org/2003/arcrole/summation-item" xlink:from="us-gaap_InterestIncomeExpenseAfterProvisionForLoanLoss_634565187683923004" xlink:to="us-gaap_InterestIncomeExpenseNet_634565187683933004" order="1" use="optional" weight="1" priority="2" />
    <loc xlink:type="locator" xlink:href="http://xbrl.fasb.org/us-gaap/2011/elts/us-gaap-2011-01-31.xsd#us-gaap_InterestExpense" xlink:label="us-gaap_InterestExpense_634565187683933004" />
    <calculationArc xlink:type="arc" xlink:arcrole="http://www.xbrl.org/2003/arcrole/summation-item" xlink:from="us-gaap_InterestIncomeExpenseNet_634565187683933004" xlink:to="us-gaap_InterestExpense_634565187683933004" order="1" use="optional" weight="-1" priority="2" />
    <loc xlink:type="locator" xlink:href="http://xbrl.fasb.org/us-gaap/2011/elts/us-gaap-2011-01-31.xsd#us-gaap_InterestExpenseDeposits" xlink:label="us-gaap_InterestExpenseDeposits_634565187683933004" />
    <calculationArc xlink:type="arc" xlink:arcrole="http://www.xbrl.org/2003/arcrole/summation-item" xlink:from="us-gaap_InterestExpense_634565187683933004" xlink:to="us-gaap_InterestExpenseDeposits_634565187683933004" order="1" use="optional" weight="1" priority="2" />
    <loc xlink:type="locator" xlink:href="http://xbrl.fasb.org/us-gaap/2011/elts/us-gaap-2011-01-31.xsd#us-gaap_InterestExpenseShortTermBorrowings" xlink:label="us-gaap_InterestExpenseShortTermBorrowings_634565187683933004" />
    <calculationArc xlink:type="arc" xlink:arcrole="http://www.xbrl.org/2003/arcrole/summation-item" xlink:from="us-gaap_InterestExpense_634565187683933004" xlink:to="us-gaap_InterestExpenseShortTermBorrowings_634565187683933004" order="2" use="optional" weight="1" priority="2" />
    <loc xlink:type="locator" xlink:href="http://xbrl.fasb.org/us-gaap/2011/elts/us-gaap-2011-01-31.xsd#us-gaap_InterestExpenseLongTermDebtAndCapitalSecurities" xlink:label="us-gaap_InterestExpenseLongTermDebtAndCapitalSecurities_634565187683933004" />
    <calculationArc xlink:type="arc" xlink:arcrole="http://www.xbrl.org/2003/arcrole/summation-item" xlink:from="us-gaap_InterestExpense_634565187683933004" xlink:to="us-gaap_InterestExpenseLongTermDebtAndCapitalSecurities_634565187683933004" order="3" use="optional" weight="1" priority="2" />
    <loc xlink:type="locator" xlink:href="http://xbrl.fasb.org/us-gaap/2011/elts/us-gaap-2011-01-31.xsd#us-gaap_InterestAndDividendIncomeOperating" xlink:label="us-gaap_InterestAndDividendIncomeOperating_634565187683933004" />
    <calculationArc xlink:type="arc" xlink:arcrole="http://www.xbrl.org/2003/arcrole/summation-item" xlink:from="us-gaap_InterestIncomeExpenseNet_634565187683933004" xlink:to="us-gaap_InterestAndDividendIncomeOperating_634565187683933004" order="2" use="optional" weight="1" priority="2" />
    <loc xlink:type="locator" xlink:href="http://xbrl.fasb.org/us-gaap/2011/elts/us-gaap-2011-01-31.xsd#us-gaap_InterestAndFeeIncomeLoansAndLeasesHeldInPortfolio" xlink:label="us-gaap_InterestAndFeeIncomeLoansAndLeasesHeldInPortfolio_634565187683933004" />
    <calculationArc xlink:type="arc" xlink:arcrole="http://www.xbrl.org/2003/arcrole/summation-item" xlink:from="us-gaap_InterestAndDividendIncomeOperating_634565187683933004" xlink:to="us-gaap_InterestAndFeeIncomeLoansAndLeasesHeldInPortfolio_634565187683933004" order="1" use="optional" weight="1" priority="2" />
    <loc xlink:type="locator" xlink:href="http://xbrl.fasb.org/us-gaap/2011/elts/us-gaap-2011-01-31.xsd#us-gaap_InterestAndFeeIncomeLoansAndLeasesHeldForSale" xlink:label="us-gaap_InterestAndFeeIncomeLoansAndLeasesHeldForSale_634565187683933004" />
    <calculationArc xlink:type="arc" xlink:arcrole="http://www.xbrl.org/2003/arcrole/summation-item" xlink:from="us-gaap_InterestAndDividendIncomeOperating_634565187683933004" xlink:to="us-gaap_InterestAndFeeIncomeLoansAndLeasesHeldForSale_634565187683933004" order="2" use="optional" weight="1" priority="2" />
    <loc xlink:type="locator" xlink:href="http://xbrl.fasb.org/us-gaap/2011/elts/us-gaap-2011-01-31.xsd#us-gaap_InterestIncomeFederalFundsSold" xlink:label="us-gaap_InterestIncomeFederalFundsSold_634565187683933004" />
    <calculationArc xlink:type="arc" xlink:arcrole="http://www.xbrl.org/2003/arcrole/summation-item" xlink:from="us-gaap_InterestAndDividendIncomeOperating_634565187683933004" xlink:to="us-gaap_InterestIncomeFederalFundsSold_634565187683933004" order="3" use="optional" weight="1" priority="2" />
    <loc xlink:type="locator" xlink:href="http://xbrl.fasb.org/us-gaap/2011/elts/us-gaap-2011-01-31.xsd#us-gaap_InterestAndDividendIncomeSecurities" xlink:label="us-gaap_InterestAndDividendIncomeSecurities_634565187683933004" />
    <calculationArc xlink:type="arc" xlink:arcrole="http://www.xbrl.org/2003/arcrole/summation-item" xlink:from="us-gaap_InterestAndDividendIncomeOperating_634565187683933004" xlink:to="us-gaap_InterestAndDividendIncomeSecurities_634565187683933004" order="4" use="optional" weight="1" priority="2" />
    <loc xlink:type="locator" xlink:href="http://xbrl.fasb.org/us-gaap/2011/elts/us-gaap-2011-01-31.xsd#us-gaap_ProvisionForLoanAndLeaseLosses" xlink:label="us-gaap_ProvisionForLoanAndLeaseLosses_634565187683943004" />
    <calculationArc xlink:type="arc" xlink:arcrole="http://www.xbrl.org/2003/arcrole/summation-item" xlink:from="us-gaap_InterestIncomeExpenseAfterProvisionForLoanLoss_634565187683923004" xlink:to="us-gaap_ProvisionForLoanAndLeaseLosses_634565187683943004" order="2" use="optional" weight="-1" priority="2" />
    <loc xlink:type="locator" xlink:href="http://xbrl.fasb.org/us-gaap/2011/elts/us-gaap-2011-01-31.xsd#us-gaap_NoninterestIncome" xlink:label="us-gaap_NoninterestIncome_634565187683943004" />
    <calculationArc xlink:type="arc" xlink:arcrole="http://www.xbrl.org/2003/arcrole/summation-item" xlink:from="us-gaap_IncomeLossFromContinuingOperationsBeforeIncomeTaxesMinorityInterestAndIncomeLossFromEquityMethodInvestments_634565187683923004" xlink:to="us-gaap_NoninterestIncome_634565187683943004" order="2" use="optional" weight="1" priority="2" />
    <loc xlink:type="locator" xlink:href="http://xbrl.fasb.org/us-gaap/2011/elts/us-gaap-2011-01-31.xsd#us-gaap_FeesAndCommissionsDepositorAccounts" xlink:label="us-gaap_FeesAndCommissionsDepositorAccounts_634565187683943004" />
    <calculationArc xlink:type="arc" xlink:arcrole="http://www.xbrl.org/2003/arcrole/summation-item" xlink:from="us-gaap_NoninterestIncome_634565187683943004" xlink:to="us-gaap_FeesAndCommissionsDepositorAccounts_634565187683943004" order="1" use="optional" weight="1" priority="2" />
    <loc xlink:type="locator" xlink:href="http://xbrl.fasb.org/us-gaap/2011/elts/us-gaap-2011-01-31.xsd#us-gaap_FeesAndCommissionsOther" xlink:label="us-gaap_FeesAndCommissionsOther_634565187683943004" />
    <calculationArc xlink:type="arc" xlink:arcrole="http://www.xbrl.org/2003/arcrole/summation-item" xlink:from="us-gaap_NoninterestIncome_634565187683943004" xlink:to="us-gaap_FeesAndCommissionsOther_634565187683943004" order="2" use="optional" weight="1" priority="2" />
    <loc xlink:type="locator" xlink:href="http://xbrl.fasb.org/us-gaap/2011/elts/us-gaap-2011-01-31.xsd#us-gaap_NoninterestIncomeOtherOperatingIncome" xlink:label="us-gaap_NoninterestIncomeOtherOperatingIncome_634565187683943004" />
    <calculationArc xlink:type="arc" xlink:arcrole="http://www.xbrl.org/2003/arcrole/summation-item" xlink:from="us-gaap_NoninterestIncome_634565187683943004" xlink:to="us-gaap_NoninterestIncomeOtherOperatingIncome_634565187683943004" order="3" use="optional" weight="1" priority="2" />
    <loc xlink:type="locator" xlink:href="http://xbrl.fasb.org/us-gaap/2011/elts/us-gaap-2011-01-31.xsd#us-gaap_OtherThanTemporaryImpairmentLossesInvestmentsPortionRecognizedInEarningsNet" xlink:label="us-gaap_OtherThanTemporaryImpairmentLossesInvestmentsPortionRecognizedInEarningsNet_634565187683943004" />
    <calculationArc xlink:type="arc" xlink:arcrole="http://www.xbrl.org/2003/arcrole/summation-item" xlink:from="us-gaap_NoninterestIncome_634565187683943004" xlink:to="us-gaap_OtherThanTemporaryImpairmentLossesInvestmentsPortionRecognizedInEarningsNet_634565187683943004" order="4" use="optional" weight="-1" priority="2" />
    <loc xlink:type="locator" xlink:href="http://xbrl.fasb.org/us-gaap/2011/elts/us-gaap-2011-01-31.xsd#us-gaap_OtherThanTemporaryImpairmentLossesInvestmentsPortionInOtherComprehensiveIncomeLossBeforeTaxIncludingPortionAttributableToNoncontrollingInterest" xlink:label="us-gaap_OtherThanTemporaryImpairmentLossesInvestmentsPortionInOtherComprehensiveIncomeLossBeforeTaxIncludingPortionAttributableToNoncontrollingInterest_634565187683943004" />
    <calculationArc xlink:type="arc" xlink:arcrole="http://www.xbrl.org/2003/arcrole/summation-item" xlink:from="us-gaap_OtherThanTemporaryImpairmentLossesInvestmentsPortionRecognizedInEarningsNet_634565187683943004" xlink:to="us-gaap_OtherThanTemporaryImpairmentLossesInvestmentsPortionInOtherComprehensiveIncomeLossBeforeTaxIncludingPortionAttributableToNoncontrollingInterest_634565187683943004" order="1" use="optional" weight="1" priority="2" />
    <loc xlink:type="locator" xlink:href="http://xbrl.fasb.org/us-gaap/2011/elts/us-gaap-2011-01-31.xsd#us-gaap_ImpairmentOfInvestments" xlink:label="us-gaap_ImpairmentOfInvestments_634565187683943004" />
    <calculationArc xlink:type="arc" xlink:arcrole="http://www.xbrl.org/2003/arcrole/summation-item" xlink:from="us-gaap_OtherThanTemporaryImpairmentLossesInvestmentsPortionRecognizedInEarningsNet_634565187683943004" xlink:to="us-gaap_ImpairmentOfInvestments_634565187683943004" order="2" use="optional" weight="1" priority="4" />
    <loc xlink:type="locator" xlink:href="http://xbrl.fasb.org/us-gaap/2011/elts/us-gaap-2011-01-31.xsd#us-gaap_GainLossOnSaleOfSecuritiesNet" xlink:label="us-gaap_GainLossOnSaleOfSecuritiesNet_634565187683953004" />
    <calculationArc xlink:type="arc" xlink:arcrole="http://www.xbrl.org/2003/arcrole/summation-item" xlink:from="us-gaap_NoninterestIncome_634565187683943004" xlink:to="us-gaap_GainLossOnSaleOfSecuritiesNet_634565187683953004" order="5" use="optional" weight="1" priority="3" />
    <loc xlink:type="locator" xlink:href="http://xbrl.fasb.org/us-gaap/2011/elts/us-gaap-2011-01-31.xsd#us-gaap_GainsLossesOnSalesOfAssets" xlink:label="us-gaap_GainsLossesOnSalesOfAssets_634565187683953004" />
    <calculationArc xlink:type="arc" xlink:arcrole="http://www.xbrl.org/2003/arcrole/summation-item" xlink:from="us-gaap_NoninterestIncome_634565187683943004" xlink:to="us-gaap_GainsLossesOnSalesOfAssets_634565187683953004" order="6" use="optional" weight="1" priority="2" />
    <loc xlink:type="locator" xlink:href="http://xbrl.fasb.org/us-gaap/2011/elts/us-gaap-2011-01-31.xsd#us-gaap_NoninterestExpense" xlink:label="us-gaap_NoninterestExpense_634565187683953004" />
    <calculationArc xlink:type="arc" xlink:arcrole="http://www.xbrl.org/2003/arcrole/summation-item" xlink:from="us-gaap_IncomeLossFromContinuingOperationsBeforeIncomeTaxesMinorityInterestAndIncomeLossFromEquityMethodInvestments_634565187683923004" xlink:to="us-gaap_NoninterestExpense_634565187683953004" order="3" use="optional" weight="-1" priority="2" />
    <loc xlink:type="locator" xlink:href="http://xbrl.fasb.org/us-gaap/2011/elts/us-gaap-2011-01-31.xsd#us-gaap_EquipmentExpense" xlink:label="us-gaap_EquipmentExpense_634565187683953004" />
    <calculationArc xlink:type="arc" xlink:arcrole="http://www.xbrl.org/2003/arcrole/summation-item" xlink:from="us-gaap_NoninterestExpense_634565187683953004" xlink:to="us-gaap_EquipmentExpense_634565187683953004" order="1" use="optional" weight="1" priority="2" />
    <loc xlink:type="locator" xlink:href="http://xbrl.fasb.org/us-gaap/2011/elts/us-gaap-2011-01-31.xsd#us-gaap_FederalDepositInsuranceCorporationPremiumExpense" xlink:label="us-gaap_FederalDepositInsuranceCorporationPremiumExpense_634565187683953004" />
    <calculationArc xlink:type="arc" xlink:arcrole="http://www.xbrl.org/2003/arcrole/summation-item" xlink:from="us-gaap_NoninterestExpense_634565187683953004" xlink:to="us-gaap_FederalDepositInsuranceCorporationPremiumExpense_634565187683953004" order="2" use="optional" weight="1" priority="2" />
    <loc xlink:type="locator" xlink:href="http://xbrl.fasb.org/us-gaap/2011/elts/us-gaap-2011-01-31.xsd#us-gaap_CommunicationsAndInformationTechnology" xlink:label="us-gaap_CommunicationsAndInformationTechnology_634565187683953004" />
    <calculationArc xlink:type="arc" xlink:arcrole="http://www.xbrl.org/2003/arcrole/summation-item" xlink:from="us-gaap_NoninterestExpense_634565187683953004" xlink:to="us-gaap_CommunicationsAndInformationTechnology_634565187683953004" order="3" use="optional" weight="1" priority="2" />
    <loc xlink:type="locator" xlink:href="http://xbrl.fasb.org/us-gaap/2011/elts/us-gaap-2011-01-31.xsd#us-gaap_GeneralInsuranceExpense" xlink:label="us-gaap_GeneralInsuranceExpense_634565187683953004" />
    <calculationArc xlink:type="arc" xlink:arcrole="http://www.xbrl.org/2003/arcrole/summation-item" xlink:from="us-gaap_NoninterestExpense_634565187683953004" xlink:to="us-gaap_GeneralInsuranceExpense_634565187683953004" order="4" use="optional" weight="1" priority="2" />
    <loc xlink:type="locator" xlink:href="http://xbrl.fasb.org/us-gaap/2011/elts/us-gaap-2011-01-31.xsd#us-gaap_LaborAndRelatedExpense" xlink:label="us-gaap_LaborAndRelatedExpense_634565187683963004" />
    <calculationArc xlink:type="arc" xlink:arcrole="http://www.xbrl.org/2003/arcrole/summation-item" xlink:from="us-gaap_NoninterestExpense_634565187683953004" xlink:to="us-gaap_LaborAndRelatedExpense_634565187683963004" order="5" use="optional" weight="1" priority="2" />
    <loc xlink:type="locator" xlink:href="http://xbrl.fasb.org/us-gaap/2011/elts/us-gaap-2011-01-31.xsd#us-gaap_OccupancyNet" xlink:label="us-gaap_OccupancyNet_634565187683963004" />
    <calculationArc xlink:type="arc" xlink:arcrole="http://www.xbrl.org/2003/arcrole/summation-item" xlink:from="us-gaap_NoninterestExpense_634565187683953004" xlink:to="us-gaap_OccupancyNet_634565187683963004" order="6" use="optional" weight="1" priority="2" />
    <loc xlink:type="locator" xlink:href="http://xbrl.fasb.org/us-gaap/2011/elts/us-gaap-2011-01-31.xsd#us-gaap_OtherNoninterestExpense" xlink:label="us-gaap_OtherNoninterestExpense_634565187683963004" />
    <calculationArc xlink:type="arc" xlink:arcrole="http://www.xbrl.org/2003/arcrole/summation-item" xlink:from="us-gaap_NoninterestExpense_634565187683953004" xlink:to="us-gaap_OtherNoninterestExpense_634565187683963004" order="7" use="optional" weight="1" priority="2" />
    <loc xlink:type="locator" xlink:href="http://xbrl.fasb.org/us-gaap/2011/elts/us-gaap-2011-01-31.xsd#us-gaap_ProfessionalFees" xlink:label="us-gaap_ProfessionalFees_634565187683963004" />
    <calculationArc xlink:type="arc" xlink:arcrole="http://www.xbrl.org/2003/arcrole/summation-item" xlink:from="us-gaap_NoninterestExpense_634565187683953004" xlink:to="us-gaap_ProfessionalFees_634565187683963004" order="8" use="optional" weight="1" priority="2" />
    <loc xlink:type="locator" xlink:href="http://xbrl.fasb.org/us-gaap/2011/elts/us-gaap-2011-01-31.xsd#us-gaap_AssetImpairmentCharges" xlink:label="us-gaap_AssetImpairmentCharges_634565187683963004" />
    <calculationArc xlink:type="arc" xlink:arcrole="http://www.xbrl.org/2003/arcrole/summation-item" xlink:from="us-gaap_NoninterestExpense_634565187683953004" xlink:to="us-gaap_AssetImpairmentCharges_634565187683963004" order="9" use="optional" weight="1" priority="2" />
    <loc xlink:type="locator" xlink:href="http://xbrl.fasb.org/us-gaap/2011/elts/us-gaap-2011-01-31.xsd#us-gaap_InformationTechnologyAndDataProcessing" xlink:label="us-gaap_InformationTechnologyAndDataProcessing_634565187683963004" />
    <calculationArc xlink:type="arc" xlink:arcrole="http://www.xbrl.org/2003/arcrole/summation-item" xlink:from="us-gaap_NoninterestExpense_634565187683953004" xlink:to="us-gaap_InformationTechnologyAndDataProcessing_634565187683963004" order="10" use="optional" weight="1" priority="2" />
    <loc xlink:type="locator" xlink:href="http://xbrl.fasb.org/us-gaap/2011/elts/us-gaap-2011-01-31.xsd#us-gaap_IncomeTaxExpenseBenefit" xlink:label="us-gaap_IncomeTaxExpenseBenefit_634565187683973004" />
    <calculationArc xlink:type="arc" xlink:arcrole="http://www.xbrl.org/2003/arcrole/summation-item" xlink:from="us-gaap_IncomeLossFromContinuingOperationsIncludingPortionAttributableToNoncontrollingInterest_634565187683923004" xlink:to="us-gaap_IncomeTaxExpenseBenefit_634565187683973004" order="2" use="optional" weight="-1" priority="2" />
    <loc xlink:type="locator" xlink:href="http://xbrl.fasb.org/us-gaap/2011/elts/us-gaap-2011-01-31.xsd#us-gaap_IncomeLossFromDiscontinuedOperationsNetOfTax" xlink:label="us-gaap_IncomeLossFromDiscontinuedOperationsNetOfTax_634565187683973004" />
    <calculationArc xlink:type="arc" xlink:arcrole="http://www.xbrl.org/2003/arcrole/summation-item" xlink:from="us-gaap_NetIncomeLoss_634565187683923004" xlink:to="us-gaap_IncomeLossFromDiscontinuedOperationsNetOfTax_634565187683973004" order="2" use="optional" weight="1" priority="2" />
    <loc xlink:type="locator" xlink:href="http://xbrl.fasb.org/us-gaap/2011/elts/us-gaap-2011-01-31.xsd#us-gaap_DiscontinuedOperationIncomeLossFromDiscontinuedOperationBeforeIncomeTax" xlink:label="us-gaap_DiscontinuedOperationIncomeLossFromDiscontinuedOperationBeforeIncomeTax_634565187683973004" />
    <calculationArc xlink:type="arc" xlink:arcrole="http://www.xbrl.org/2003/arcrole/summation-item" xlink:from="us-gaap_IncomeLossFromDiscontinuedOperationsNetOfTax_634565187683973004" xlink:to="us-gaap_DiscontinuedOperationIncomeLossFromDiscontinuedOperationBeforeIncomeTax_634565187683973004" order="1" use="optional" weight="1" priority="2" />
    <loc xlink:type="locator" xlink:href="http://xbrl.fasb.org/us-gaap/2011/elts/us-gaap-2011-01-31.xsd#us-gaap_DiscontinuedOperationTaxEffectOfDiscontinuedOperation" xlink:label="us-gaap_DiscontinuedOperationTaxEffectOfDiscontinuedOperation_634565187683973004" />
    <calculationArc xlink:type="arc" xlink:arcrole="http://www.xbrl.org/2003/arcrole/summation-item" xlink:from="us-gaap_IncomeLossFromDiscontinuedOperationsNetOfTax_634565187683973004" xlink:to="us-gaap_DiscontinuedOperationTaxEffectOfDiscontinuedOperation_634565187683973004" order="2" use="optional" weight="-1" priority="2" />
  </calculationLink>
  <calculationLink xlink:role="http://www.cibmarine.com/role/StatementConsolidatedStatementsOfStockholdersEquity" xlink:type="extended" xlink:title="00300 - Statement - Consolidated Statements Of Stockholders' Equity">
    <loc xlink:type="locator" xlink:href="http://xbrl.fasb.org/us-gaap/2011/elts/us-gaap-2011-01-31.xsd#us-gaap_ComprehensiveIncomeNetOfTax" xlink:label="us-gaap_ComprehensiveIncomeNetOfTax" />
    <loc xlink:type="locator" xlink:href="http://xbrl.fasb.org/us-gaap/2011/elts/us-gaap-2011-01-31.xsd#us-gaap_OtherComprehensiveIncomeReclassificationAdjustmentForWriteDownOfSecuritiesIncludedInNetIncomeTax" xlink:label="us-gaap_OtherComprehensiveIncomeReclassificationAdjustmentForWriteDownOfSecuritiesIncludedInNetIncomeTax_634565187683983004" />
    <calculationArc xlink:type="arc" xlink:arcrole="http://www.xbrl.org/2003/arcrole/summation-item" xlink:from="us-gaap_ComprehensiveIncomeNetOfTax" xlink:to="us-gaap_OtherComprehensiveIncomeReclassificationAdjustmentForWriteDownOfSecuritiesIncludedInNetIncomeTax_634565187683983004" order="1" use="optional" weight="1" priority="2" />
    <loc xlink:type="locator" xlink:href="http://xbrl.fasb.org/us-gaap/2011/elts/us-gaap-2011-01-31.xsd#us-gaap_AvailableForSaleSecuritiesChangeInNetUnrealizedHoldingGainLossNetOfTax" xlink:label="us-gaap_AvailableForSaleSecuritiesChangeInNetUnrealizedHoldingGainLossNetOfTax_634565187683983004" />
    <calculationArc xlink:type="arc" xlink:arcrole="http://www.xbrl.org/2003/arcrole/summation-item" xlink:from="us-gaap_ComprehensiveIncomeNetOfTax" xlink:to="us-gaap_AvailableForSaleSecuritiesChangeInNetUnrealizedHoldingGainLossNetOfTax_634565187683983004" order="2" use="optional" weight="1" priority="2" />
    <loc xlink:type="locator" xlink:href="http://xbrl.fasb.org/us-gaap/2011/elts/us-gaap-2011-01-31.xsd#us-gaap_AvailableForSaleSecuritiesGrossRealizedGainLossNet" xlink:label="us-gaap_AvailableForSaleSecuritiesGrossRealizedGainLossNet_634565187683983004" />
    <calculationArc xlink:type="arc" xlink:arcrole="http://www.xbrl.org/2003/arcrole/summation-item" xlink:from="us-gaap_ComprehensiveIncomeNetOfTax" xlink:to="us-gaap_AvailableForSaleSecuritiesGrossRealizedGainLossNet_634565187683983004" order="3" use="optional" weight="1" priority="3" />
    <loc xlink:type="locator" xlink:href="http://xbrl.fasb.org/us-gaap/2011/elts/us-gaap-2011-01-31.xsd#us-gaap_NetIncomeLoss" xlink:label="us-gaap_NetIncomeLoss_634565187683983004" />
    <calculationArc xlink:type="arc" xlink:arcrole="http://www.xbrl.org/2003/arcrole/summation-item" xlink:from="us-gaap_ComprehensiveIncomeNetOfTax" xlink:to="us-gaap_NetIncomeLoss_634565187683983004" order="4" use="optional" weight="1" priority="2" />
  </calculationLink>
  <calculationLink xlink:role="http://www.cibmarine.com/role/StatementConsolidatedStatementsOfCashFlows" xlink:type="extended" xlink:title="00400 - Statement - Consolidated Statements Of Cash Flows">
    <loc xlink:type="locator" xlink:href="http://xbrl.fasb.org/us-gaap/2011/elts/us-gaap-2011-01-31.xsd#us-gaap_CashAndCashEquivalentsPeriodIncreaseDecrease" xlink:label="us-gaap_CashAndCashEquivalentsPeriodIncreaseDecrease" />
    <loc xlink:type="locator" xlink:href="http://xbrl.fasb.org/us-gaap/2011/elts/us-gaap-2011-01-31.xsd#us-gaap_NetCashProvidedByUsedInOperatingActivities" xlink:label="us-gaap_NetCashProvidedByUsedInOperatingActivities_634565187683983004" />
    <calculationArc xlink:type="arc" xlink:arcrole="http://www.xbrl.org/2003/arcrole/summation-item" xlink:from="us-gaap_CashAndCashEquivalentsPeriodIncreaseDecrease" xlink:to="us-gaap_NetCashProvidedByUsedInOperatingActivities_634565187683983004" order="1" use="optional" weight="1" priority="2" />
    <loc xlink:type="locator" xlink:href="http://xbrl.fasb.org/us-gaap/2011/elts/us-gaap-2011-01-31.xsd#us-gaap_NetIncomeLoss" xlink:label="us-gaap_NetIncomeLoss_634565187683983004" />
    <calculationArc xlink:type="arc" xlink:arcrole="http://www.xbrl.org/2003/arcrole/summation-item" xlink:from="us-gaap_NetCashProvidedByUsedInOperatingActivities_634565187683983004" xlink:to="us-gaap_NetIncomeLoss_634565187683983004" order="1" use="optional" weight="1" priority="2" />
    <loc xlink:type="locator" xlink:href="http://xbrl.fasb.org/us-gaap/2011/elts/us-gaap-2011-01-31.xsd#us-gaap_AmortizationOfDeferredLoanOriginationFeesNet" xlink:label="us-gaap_AmortizationOfDeferredLoanOriginationFeesNet_634565187683983004" />
    <calculationArc xlink:type="arc" xlink:arcrole="http://www.xbrl.org/2003/arcrole/summation-item" xlink:from="us-gaap_NetCashProvidedByUsedInOperatingActivities_634565187683983004" xlink:to="us-gaap_AmortizationOfDeferredLoanOriginationFeesNet_634565187683983004" order="2" use="optional" weight="-1" priority="3" />
    <loc xlink:type="locator" xlink:href="http://xbrl.fasb.org/us-gaap/2011/elts/us-gaap-2011-01-31.xsd#us-gaap_DepreciationAmortizationAndAccretionNet" xlink:label="us-gaap_DepreciationAmortizationAndAccretionNet_634565187683983004" />
    <calculationArc xlink:type="arc" xlink:arcrole="http://www.xbrl.org/2003/arcrole/summation-item" xlink:from="us-gaap_NetCashProvidedByUsedInOperatingActivities_634565187683983004" xlink:to="us-gaap_DepreciationAmortizationAndAccretionNet_634565187683983004" order="3" use="optional" weight="1" priority="2" />
    <loc xlink:type="locator" xlink:href="http://xbrl.fasb.org/us-gaap/2011/elts/us-gaap-2011-01-31.xsd#us-gaap_ProvisionForLoanAndLeaseLosses" xlink:label="us-gaap_ProvisionForLoanAndLeaseLosses_634565187683983004" />
    <calculationArc xlink:type="arc" xlink:arcrole="http://www.xbrl.org/2003/arcrole/summation-item" xlink:from="us-gaap_NetCashProvidedByUsedInOperatingActivities_634565187683983004" xlink:to="us-gaap_ProvisionForLoanAndLeaseLosses_634565187683983004" order="4" use="optional" weight="1" priority="2" />
    <loc xlink:type="locator" xlink:href="http://xbrl.fasb.org/us-gaap/2011/elts/us-gaap-2011-01-31.xsd#us-gaap_GainsLossesOnSalesOfAssets" xlink:label="us-gaap_GainsLossesOnSalesOfAssets_634565187683983004" />
    <calculationArc xlink:type="arc" xlink:arcrole="http://www.xbrl.org/2003/arcrole/summation-item" xlink:from="us-gaap_NetCashProvidedByUsedInOperatingActivities_634565187683983004" xlink:to="us-gaap_GainsLossesOnSalesOfAssets_634565187683983004" order="5" use="optional" weight="-1" priority="4" />
    <loc xlink:type="locator" xlink:href="http://xbrl.fasb.org/us-gaap/2011/elts/us-gaap-2011-01-31.xsd#us-gaap_GainLossOnSaleOfSecuritiesNet" xlink:label="us-gaap_GainLossOnSaleOfSecuritiesNet_634565187683993004" />
    <calculationArc xlink:type="arc" xlink:arcrole="http://www.xbrl.org/2003/arcrole/summation-item" xlink:from="us-gaap_NetCashProvidedByUsedInOperatingActivities_634565187683983004" xlink:to="us-gaap_GainLossOnSaleOfSecuritiesNet_634565187683993004" order="6" use="optional" weight="-1" priority="3" />
    <loc xlink:type="locator" xlink:href="http://xbrl.fasb.org/us-gaap/2011/elts/us-gaap-2011-01-31.xsd#us-gaap_AssetImpairmentCharges" xlink:label="us-gaap_AssetImpairmentCharges_634565187683993004" />
    <calculationArc xlink:type="arc" xlink:arcrole="http://www.xbrl.org/2003/arcrole/summation-item" xlink:from="us-gaap_NetCashProvidedByUsedInOperatingActivities_634565187683983004" xlink:to="us-gaap_AssetImpairmentCharges_634565187683993004" order="7" use="optional" weight="1" priority="2" />
    <loc xlink:type="locator" xlink:href="http://xbrl.fasb.org/us-gaap/2011/elts/us-gaap-2011-01-31.xsd#us-gaap_IncreaseDecreaseInAccountsReceivableAndOtherOperatingAssets" xlink:label="us-gaap_IncreaseDecreaseInAccountsReceivableAndOtherOperatingAssets_634565187683993004" />
    <calculationArc xlink:type="arc" xlink:arcrole="http://www.xbrl.org/2003/arcrole/summation-item" xlink:from="us-gaap_NetCashProvidedByUsedInOperatingActivities_634565187683983004" xlink:to="us-gaap_IncreaseDecreaseInAccountsReceivableAndOtherOperatingAssets_634565187683993004" order="8" use="optional" weight="-1" priority="4" />
    <loc xlink:type="locator" xlink:href="http://xbrl.fasb.org/us-gaap/2011/elts/us-gaap-2011-01-31.xsd#us-gaap_IncreaseDecreaseInAccruedLiabilitiesAndOtherOperatingLiabilities" xlink:label="us-gaap_IncreaseDecreaseInAccruedLiabilitiesAndOtherOperatingLiabilities_634565187683993004" />
    <calculationArc xlink:type="arc" xlink:arcrole="http://www.xbrl.org/2003/arcrole/summation-item" xlink:from="us-gaap_NetCashProvidedByUsedInOperatingActivities_634565187683983004" xlink:to="us-gaap_IncreaseDecreaseInAccruedLiabilitiesAndOtherOperatingLiabilities_634565187683993004" order="9" use="optional" weight="1" priority="2" />
    <loc xlink:type="locator" xlink:href="http://xbrl.fasb.org/us-gaap/2011/elts/us-gaap-2011-01-31.xsd#us-gaap_OtherThanTemporaryImpairmentLossesInvestmentsPortionRecognizedInEarningsNet" xlink:label="us-gaap_OtherThanTemporaryImpairmentLossesInvestmentsPortionRecognizedInEarningsNet_634565187683993004" />
    <calculationArc xlink:type="arc" xlink:arcrole="http://www.xbrl.org/2003/arcrole/summation-item" xlink:from="us-gaap_NetCashProvidedByUsedInOperatingActivities_634565187683983004" xlink:to="us-gaap_OtherThanTemporaryImpairmentLossesInvestmentsPortionRecognizedInEarningsNet_634565187683993004" order="10" use="optional" weight="1" priority="2" />
    <loc xlink:type="locator" xlink:href="http://xbrl.fasb.org/us-gaap/2011/elts/us-gaap-2011-01-31.xsd#us-gaap_IncreaseDecreaseInLoansHeldForSale" xlink:label="us-gaap_IncreaseDecreaseInLoansHeldForSale_634565187683993004" />
    <calculationArc xlink:type="arc" xlink:arcrole="http://www.xbrl.org/2003/arcrole/summation-item" xlink:from="us-gaap_NetCashProvidedByUsedInOperatingActivities_634565187683983004" xlink:to="us-gaap_IncreaseDecreaseInLoansHeldForSale_634565187683993004" order="11" use="optional" weight="-1" priority="3" />
    <loc xlink:type="locator" xlink:href="http://xbrl.fasb.org/us-gaap/2011/elts/us-gaap-2011-01-31.xsd#us-gaap_NetCashProvidedByUsedInInvestingActivities" xlink:label="us-gaap_NetCashProvidedByUsedInInvestingActivities_634565187683993004" />
    <calculationArc xlink:type="arc" xlink:arcrole="http://www.xbrl.org/2003/arcrole/summation-item" xlink:from="us-gaap_CashAndCashEquivalentsPeriodIncreaseDecrease" xlink:to="us-gaap_NetCashProvidedByUsedInInvestingActivities_634565187683993004" order="2" use="optional" weight="1" priority="2" />
    <loc xlink:type="locator" xlink:href="http://xbrl.fasb.org/us-gaap/2011/elts/us-gaap-2011-01-31.xsd#us-gaap_ProceedsFromMaturitiesPrepaymentsAndCallsOfAvailableForSaleSecurities" xlink:label="us-gaap_ProceedsFromMaturitiesPrepaymentsAndCallsOfAvailableForSaleSecurities_634565187683993004" />
    <calculationArc xlink:type="arc" xlink:arcrole="http://www.xbrl.org/2003/arcrole/summation-item" xlink:from="us-gaap_NetCashProvidedByUsedInInvestingActivities_634565187683993004" xlink:to="us-gaap_ProceedsFromMaturitiesPrepaymentsAndCallsOfAvailableForSaleSecurities_634565187683993004" order="1" use="optional" weight="1" priority="2" />
    <loc xlink:type="locator" xlink:href="http://xbrl.fasb.org/us-gaap/2011/elts/us-gaap-2011-01-31.xsd#us-gaap_ProceedsFromSaleOfAvailableForSaleSecurities" xlink:label="us-gaap_ProceedsFromSaleOfAvailableForSaleSecurities_634565187683993004" />
    <calculationArc xlink:type="arc" xlink:arcrole="http://www.xbrl.org/2003/arcrole/summation-item" xlink:from="us-gaap_NetCashProvidedByUsedInInvestingActivities_634565187683993004" xlink:to="us-gaap_ProceedsFromSaleOfAvailableForSaleSecurities_634565187683993004" order="2" use="optional" weight="1" priority="2" />
    <loc xlink:type="locator" xlink:href="http://xbrl.fasb.org/us-gaap/2011/elts/us-gaap-2011-01-31.xsd#us-gaap_ProceedsFromMaturitiesPrepaymentsAndCallsOfMortgageBackedSecuritiesMBS" xlink:label="us-gaap_ProceedsFromMaturitiesPrepaymentsAndCallsOfMortgageBackedSecuritiesMBS_634565187683993004" />
    <calculationArc xlink:type="arc" xlink:arcrole="http://www.xbrl.org/2003/arcrole/summation-item" xlink:from="us-gaap_NetCashProvidedByUsedInInvestingActivities_634565187683993004" xlink:to="us-gaap_ProceedsFromMaturitiesPrepaymentsAndCallsOfMortgageBackedSecuritiesMBS_634565187683993004" order="3" use="optional" weight="1" priority="2" />
    <loc xlink:type="locator" xlink:href="http://xbrl.fasb.org/us-gaap/2011/elts/us-gaap-2011-01-31.xsd#us-gaap_PaymentsForProceedsFromOtherInvestingActivities" xlink:label="us-gaap_PaymentsForProceedsFromOtherInvestingActivities_634565187683993004" />
    <calculationArc xlink:type="arc" xlink:arcrole="http://www.xbrl.org/2003/arcrole/summation-item" xlink:from="us-gaap_NetCashProvidedByUsedInInvestingActivities_634565187683993004" xlink:to="us-gaap_PaymentsForProceedsFromOtherInvestingActivities_634565187683993004" order="4" use="optional" weight="-1" priority="2" />
    <loc xlink:type="locator" xlink:href="http://xbrl.fasb.org/us-gaap/2011/elts/us-gaap-2011-01-31.xsd#us-gaap_PaymentsForProceedsFromLoansAndLeases" xlink:label="us-gaap_PaymentsForProceedsFromLoansAndLeases_634565187684003004" />
    <calculationArc xlink:type="arc" xlink:arcrole="http://www.xbrl.org/2003/arcrole/summation-item" xlink:from="us-gaap_NetCashProvidedByUsedInInvestingActivities_634565187683993004" xlink:to="us-gaap_PaymentsForProceedsFromLoansAndLeases_634565187684003004" order="5" use="optional" weight="-1" priority="2" />
    <loc xlink:type="locator" xlink:href="http://xbrl.fasb.org/us-gaap/2011/elts/us-gaap-2011-01-31.xsd#us-gaap_ProceedsFromSaleOfOtherRealEstate" xlink:label="us-gaap_ProceedsFromSaleOfOtherRealEstate_634565187684003004" />
    <calculationArc xlink:type="arc" xlink:arcrole="http://www.xbrl.org/2003/arcrole/summation-item" xlink:from="us-gaap_NetCashProvidedByUsedInInvestingActivities_634565187683993004" xlink:to="us-gaap_ProceedsFromSaleOfOtherRealEstate_634565187684003004" order="6" use="optional" weight="1" priority="2" />
    <loc xlink:type="locator" xlink:href="http://xbrl.fasb.org/us-gaap/2011/elts/us-gaap-2011-01-31.xsd#us-gaap_PaymentsToAcquirePropertyPlantAndEquipment" xlink:label="us-gaap_PaymentsToAcquirePropertyPlantAndEquipment_634565187684003004" />
    <calculationArc xlink:type="arc" xlink:arcrole="http://www.xbrl.org/2003/arcrole/summation-item" xlink:from="us-gaap_NetCashProvidedByUsedInInvestingActivities_634565187683993004" xlink:to="us-gaap_PaymentsToAcquirePropertyPlantAndEquipment_634565187684003004" order="7" use="optional" weight="-1" priority="2" />
    <loc xlink:type="locator" xlink:href="http://xbrl.fasb.org/us-gaap/2011/elts/us-gaap-2011-01-31.xsd#us-gaap_NetCashProvidedByUsedInFinancingActivities" xlink:label="us-gaap_NetCashProvidedByUsedInFinancingActivities_634565187684003004" />
    <calculationArc xlink:type="arc" xlink:arcrole="http://www.xbrl.org/2003/arcrole/summation-item" xlink:from="us-gaap_CashAndCashEquivalentsPeriodIncreaseDecrease" xlink:to="us-gaap_NetCashProvidedByUsedInFinancingActivities_634565187684003004" order="3" use="optional" weight="1" priority="2" />
    <loc xlink:type="locator" xlink:href="http://xbrl.fasb.org/us-gaap/2011/elts/us-gaap-2011-01-31.xsd#us-gaap_IncreaseDecreaseInDeposits" xlink:label="us-gaap_IncreaseDecreaseInDeposits_634565187684003004" />
    <calculationArc xlink:type="arc" xlink:arcrole="http://www.xbrl.org/2003/arcrole/summation-item" xlink:from="us-gaap_NetCashProvidedByUsedInFinancingActivities_634565187684003004" xlink:to="us-gaap_IncreaseDecreaseInDeposits_634565187684003004" order="1" use="optional" weight="1" priority="2" />
    <loc xlink:type="locator" xlink:href="http://xbrl.fasb.org/us-gaap/2011/elts/us-gaap-2011-01-31.xsd#us-gaap_ProceedsFromRepaymentsOfShortTermDebt" xlink:label="us-gaap_ProceedsFromRepaymentsOfShortTermDebt_634565187684003004" />
    <calculationArc xlink:type="arc" xlink:arcrole="http://www.xbrl.org/2003/arcrole/summation-item" xlink:from="us-gaap_NetCashProvidedByUsedInFinancingActivities_634565187684003004" xlink:to="us-gaap_ProceedsFromRepaymentsOfShortTermDebt_634565187684003004" order="2" use="optional" weight="1" priority="2" />
    <loc xlink:type="locator" xlink:href="http://xbrl.fasb.org/us-gaap/2011/elts/us-gaap-2011-01-31.xsd#us-gaap_RepaymentsOfLongTermDebt" xlink:label="us-gaap_RepaymentsOfLongTermDebt_634565187684003004" />
    <calculationArc xlink:type="arc" xlink:arcrole="http://www.xbrl.org/2003/arcrole/summation-item" xlink:from="us-gaap_NetCashProvidedByUsedInFinancingActivities_634565187684003004" xlink:to="us-gaap_RepaymentsOfLongTermDebt_634565187684003004" order="3" use="optional" weight="-1" priority="2" />
  </calculationLink>
</linkbase>