<?xml version="1.0" encoding="us-ascii"?>
<!--XBRL document created with Crossfire by Rivet Software version 5.2.107.0 http://www.rivetsoftware.com-->
<!--Based on XBRL 2.1-->
<!--Created on: 8/8/2012 9:27:59 AM-->
<!--Modified on: 8/8/2012 9:27:59 AM-->
<linkbase xmlns="http://www.xbrl.org/2003/linkbase" xmlns:xsi="http://www.w3.org/2001/XMLSchema-instance" xmlns:xlink="http://www.w3.org/1999/xlink" xsi:schemaLocation="http://www.xbrl.org/2003/linkbase http://www.xbrl.org/2003/xbrl-linkbase-2003-12-31.xsd">
  <roleRef xlink:type="simple" xlink:href="cik0000861955-20120630.xsd#StatementConsolidatedBalanceSheets" roleURI="http://www.cibmarine.com/role/StatementConsolidatedBalanceSheets" />
  <roleRef xlink:type="simple" xlink:href="cik0000861955-20120630.xsd#StatementConsolidatedStatementsOfOperationsAndComprehensiveIncomeLoss" roleURI="http://www.cibmarine.com/role/StatementConsolidatedStatementsOfOperationsAndComprehensiveIncomeLoss" />
  <roleRef xlink:type="simple" xlink:href="cik0000861955-20120630.xsd#StatementConsolidatedStatementsOfStockholdersEquity" roleURI="http://www.cibmarine.com/role/StatementConsolidatedStatementsOfStockholdersEquity" />
  <roleRef xlink:type="simple" xlink:href="cik0000861955-20120630.xsd#StatementConsolidatedStatementsOfCashFlows" roleURI="http://www.cibmarine.com/role/StatementConsolidatedStatementsOfCashFlows" />
  <roleRef xlink:type="simple" xlink:href="cik0000861955-20120630.xsd#DisclosureSecuritiesScheduleOfAmortizedCostGrossUnrealizedGainsAndLossesAndFairValuesOfSecuritiesDetails" roleURI="http://www.cibmarine.com/role/DisclosureSecuritiesScheduleOfAmortizedCostGrossUnrealizedGainsAndLossesAndFairValuesOfSecuritiesDetails" />
  <roleRef xlink:type="simple" xlink:href="cik0000861955-20120630.xsd#DisclosureSecuritiesScheduleOfAvailableForSaleSecuritiesContinuousUnrealizedLossPositionDetails" roleURI="http://www.cibmarine.com/role/DisclosureSecuritiesScheduleOfAvailableForSaleSecuritiesContinuousUnrealizedLossPositionDetails" />
  <roleRef xlink:type="simple" xlink:href="cik0000861955-20120630.xsd#DisclosureLoansAndAllowanceForLoanLossesAgingOfRecordedInvestmentInPastDueLoansDetails" roleURI="http://www.cibmarine.com/role/DisclosureLoansAndAllowanceForLoanLossesAgingOfRecordedInvestmentInPastDueLoansDetails" />
  <roleRef xlink:type="simple" xlink:href="cik0000861955-20120630.xsd#DisclosureLoansAndAllowanceForLoanLossesImpairedFinancingReceivablesDetails" roleURI="http://www.cibmarine.com/role/DisclosureLoansAndAllowanceForLoanLossesImpairedFinancingReceivablesDetails" />
  <calculationLink xlink:role="http://www.cibmarine.com/role/StatementConsolidatedBalanceSheets" xlink:type="extended" xlink:title="00100 - Statement - Consolidated Balance Sheets">
    <loc xlink:type="locator" xlink:href="http://xbrl.fasb.org/us-gaap/2012/elts/us-gaap-2012-01-31.xsd#us-gaap_Assets" xlink:label="us-gaap_Assets" />
    <loc xlink:type="locator" xlink:href="http://xbrl.fasb.org/us-gaap/2012/elts/us-gaap-2012-01-31.xsd#us-gaap_CashAndDueFromBanks" xlink:label="us-gaap_CashAndDueFromBanks_634800148766467046" />
    <calculationArc xlink:type="arc" xlink:arcrole="http://www.xbrl.org/2003/arcrole/summation-item" xlink:from="us-gaap_Assets" xlink:to="us-gaap_CashAndDueFromBanks_634800148766467046" order="1" use="optional" weight="1" priority="3" />
    <loc xlink:type="locator" xlink:href="http://xbrl.fasb.org/us-gaap/2012/elts/us-gaap-2012-01-31.xsd#us-gaap_LoansReceivableHeldForSaleNet" xlink:label="us-gaap_LoansReceivableHeldForSaleNet_634800148766467046" />
    <calculationArc xlink:type="arc" xlink:arcrole="http://www.xbrl.org/2003/arcrole/summation-item" xlink:from="us-gaap_Assets" xlink:to="us-gaap_LoansReceivableHeldForSaleNet_634800148766467046" order="2" use="optional" weight="1" priority="2" />
    <loc xlink:type="locator" xlink:href="http://xbrl.fasb.org/us-gaap/2012/elts/us-gaap-2012-01-31.xsd#us-gaap_LoansAndLeasesReceivableNetReportedAmount" xlink:label="us-gaap_LoansAndLeasesReceivableNetReportedAmount_634800148766467046" />
    <calculationArc xlink:type="arc" xlink:arcrole="http://www.xbrl.org/2003/arcrole/summation-item" xlink:from="us-gaap_Assets" xlink:to="us-gaap_LoansAndLeasesReceivableNetReportedAmount_634800148766467046" order="3" use="optional" weight="1" priority="2" />
    <loc xlink:type="locator" xlink:href="http://xbrl.fasb.org/us-gaap/2012/elts/us-gaap-2012-01-31.xsd#us-gaap_LoansAndLeasesReceivableAllowance" xlink:label="us-gaap_LoansAndLeasesReceivableAllowance_634800148766467046" />
    <calculationArc xlink:type="arc" xlink:arcrole="http://www.xbrl.org/2003/arcrole/summation-item" xlink:from="us-gaap_LoansAndLeasesReceivableNetReportedAmount_634800148766467046" xlink:to="us-gaap_LoansAndLeasesReceivableAllowance_634800148766467046" order="1" use="optional" weight="-1" priority="2" />
    <loc xlink:type="locator" xlink:href="http://xbrl.fasb.org/us-gaap/2012/elts/us-gaap-2012-01-31.xsd#us-gaap_LoansAndLeasesReceivableNetOfDeferredIncome" xlink:label="us-gaap_LoansAndLeasesReceivableNetOfDeferredIncome_634800148766467046" />
    <calculationArc xlink:type="arc" xlink:arcrole="http://www.xbrl.org/2003/arcrole/summation-item" xlink:from="us-gaap_LoansAndLeasesReceivableNetReportedAmount_634800148766467046" xlink:to="us-gaap_LoansAndLeasesReceivableNetOfDeferredIncome_634800148766467046" order="2" use="optional" weight="1" priority="3" />
    <loc xlink:type="locator" xlink:href="http://xbrl.fasb.org/us-gaap/2012/elts/us-gaap-2012-01-31.xsd#us-gaap_FederalHomeLoanBankStock" xlink:label="us-gaap_FederalHomeLoanBankStock_634800148766467046" />
    <calculationArc xlink:type="arc" xlink:arcrole="http://www.xbrl.org/2003/arcrole/summation-item" xlink:from="us-gaap_Assets" xlink:to="us-gaap_FederalHomeLoanBankStock_634800148766467046" order="4" use="optional" weight="1" priority="2" />
    <loc xlink:type="locator" xlink:href="http://xbrl.fasb.org/us-gaap/2012/elts/us-gaap-2012-01-31.xsd#us-gaap_PropertyPlantAndEquipmentNet" xlink:label="us-gaap_PropertyPlantAndEquipmentNet_634800148766467046" />
    <calculationArc xlink:type="arc" xlink:arcrole="http://www.xbrl.org/2003/arcrole/summation-item" xlink:from="us-gaap_Assets" xlink:to="us-gaap_PropertyPlantAndEquipmentNet_634800148766467046" order="5" use="optional" weight="1" priority="2" />
    <loc xlink:type="locator" xlink:href="http://xbrl.fasb.org/us-gaap/2012/elts/us-gaap-2012-01-31.xsd#us-gaap_InterestReceivable" xlink:label="us-gaap_InterestReceivable_634800148766467046" />
    <calculationArc xlink:type="arc" xlink:arcrole="http://www.xbrl.org/2003/arcrole/summation-item" xlink:from="us-gaap_Assets" xlink:to="us-gaap_InterestReceivable_634800148766467046" order="6" use="optional" weight="1" priority="2" />
    <loc xlink:type="locator" xlink:href="http://xbrl.fasb.org/us-gaap/2012/elts/us-gaap-2012-01-31.xsd#us-gaap_OtherAssets" xlink:label="us-gaap_OtherAssets_634800148766467046" />
    <calculationArc xlink:type="arc" xlink:arcrole="http://www.xbrl.org/2003/arcrole/summation-item" xlink:from="us-gaap_Assets" xlink:to="us-gaap_OtherAssets_634800148766467046" order="7" use="optional" weight="1" priority="2" />
    <loc xlink:type="locator" xlink:href="http://xbrl.fasb.org/us-gaap/2012/elts/us-gaap-2012-01-31.xsd#us-gaap_OtherRealEstate" xlink:label="us-gaap_OtherRealEstate_634800148766467046" />
    <calculationArc xlink:type="arc" xlink:arcrole="http://www.xbrl.org/2003/arcrole/summation-item" xlink:from="us-gaap_Assets" xlink:to="us-gaap_OtherRealEstate_634800148766467046" order="8" use="optional" weight="1" priority="2" />
    <loc xlink:type="locator" xlink:href="http://xbrl.fasb.org/us-gaap/2012/elts/us-gaap-2012-01-31.xsd#us-gaap_MarketableSecurities" xlink:label="us-gaap_MarketableSecurities_634800148766467046" />
    <calculationArc xlink:type="arc" xlink:arcrole="http://www.xbrl.org/2003/arcrole/summation-item" xlink:from="us-gaap_Assets" xlink:to="us-gaap_MarketableSecurities_634800148766467046" order="9" use="optional" weight="1" priority="2" />
    <loc xlink:type="locator" xlink:href="http://xbrl.fasb.org/us-gaap/2012/elts/us-gaap-2012-01-31.xsd#us-gaap_AvailableForSaleSecurities" xlink:label="us-gaap_AvailableForSaleSecurities_634800148766467046" />
    <calculationArc xlink:type="arc" xlink:arcrole="http://www.xbrl.org/2003/arcrole/summation-item" xlink:from="us-gaap_MarketableSecurities_634800148766467046" xlink:to="us-gaap_AvailableForSaleSecurities_634800148766467046" order="1" use="optional" weight="1" priority="3" />
    <loc xlink:type="locator" xlink:href="http://xbrl.fasb.org/us-gaap/2012/elts/us-gaap-2012-01-31.xsd#us-gaap_TradingSecurities" xlink:label="us-gaap_TradingSecurities_634800148766467046" />
    <calculationArc xlink:type="arc" xlink:arcrole="http://www.xbrl.org/2003/arcrole/summation-item" xlink:from="us-gaap_MarketableSecurities_634800148766467046" xlink:to="us-gaap_TradingSecurities_634800148766467046" order="2" use="optional" weight="1" priority="2" />
    <loc xlink:type="locator" xlink:href="http://xbrl.fasb.org/us-gaap/2012/elts/us-gaap-2012-01-31.xsd#us-gaap_LiabilitiesAndStockholdersEquity" xlink:label="us-gaap_LiabilitiesAndStockholdersEquity_634354273287107829" />
    <loc xlink:type="locator" xlink:href="http://xbrl.fasb.org/us-gaap/2012/elts/us-gaap-2012-01-31.xsd#us-gaap_Liabilities" xlink:label="us-gaap_Liabilities_634800148766467046" />
    <calculationArc xlink:type="arc" xlink:arcrole="http://www.xbrl.org/2003/arcrole/summation-item" xlink:from="us-gaap_LiabilitiesAndStockholdersEquity_634354273287107829" xlink:to="us-gaap_Liabilities_634800148766467046" order="1" use="optional" weight="1" priority="2" />
    <loc xlink:type="locator" xlink:href="http://xbrl.fasb.org/us-gaap/2012/elts/us-gaap-2012-01-31.xsd#us-gaap_Deposits" xlink:label="us-gaap_Deposits_634800148766467046" />
    <calculationArc xlink:type="arc" xlink:arcrole="http://www.xbrl.org/2003/arcrole/summation-item" xlink:from="us-gaap_Liabilities_634800148766467046" xlink:to="us-gaap_Deposits_634800148766467046" order="1" use="optional" weight="1" priority="2" />
    <loc xlink:type="locator" xlink:href="http://xbrl.fasb.org/us-gaap/2012/elts/us-gaap-2012-01-31.xsd#us-gaap_InterestBearingDepositLiabilities" xlink:label="us-gaap_InterestBearingDepositLiabilities_634800148766467046" />
    <calculationArc xlink:type="arc" xlink:arcrole="http://www.xbrl.org/2003/arcrole/summation-item" xlink:from="us-gaap_Deposits_634800148766467046" xlink:to="us-gaap_InterestBearingDepositLiabilities_634800148766467046" order="1" use="optional" weight="1" priority="2" />
    <loc xlink:type="locator" xlink:href="http://xbrl.fasb.org/us-gaap/2012/elts/us-gaap-2012-01-31.xsd#us-gaap_NoninterestBearingDepositLiabilities" xlink:label="us-gaap_NoninterestBearingDepositLiabilities_634800148766467046" />
    <calculationArc xlink:type="arc" xlink:arcrole="http://www.xbrl.org/2003/arcrole/summation-item" xlink:from="us-gaap_Deposits_634800148766467046" xlink:to="us-gaap_NoninterestBearingDepositLiabilities_634800148766467046" order="2" use="optional" weight="1" priority="2" />
    <loc xlink:type="locator" xlink:href="http://xbrl.fasb.org/us-gaap/2012/elts/us-gaap-2012-01-31.xsd#us-gaap_DepositsSavingsDeposits" xlink:label="us-gaap_DepositsSavingsDeposits_634800148766467046" />
    <calculationArc xlink:type="arc" xlink:arcrole="http://www.xbrl.org/2003/arcrole/summation-item" xlink:from="us-gaap_Deposits_634800148766467046" xlink:to="us-gaap_DepositsSavingsDeposits_634800148766467046" order="3" use="optional" weight="1" priority="2" />
    <loc xlink:type="locator" xlink:href="http://xbrl.fasb.org/us-gaap/2012/elts/us-gaap-2012-01-31.xsd#us-gaap_TimeDeposits" xlink:label="us-gaap_TimeDeposits_634800148766467046" />
    <calculationArc xlink:type="arc" xlink:arcrole="http://www.xbrl.org/2003/arcrole/summation-item" xlink:from="us-gaap_Deposits_634800148766467046" xlink:to="us-gaap_TimeDeposits_634800148766467046" order="4" use="optional" weight="1" priority="2" />
    <loc xlink:type="locator" xlink:href="http://xbrl.fasb.org/us-gaap/2012/elts/us-gaap-2012-01-31.xsd#us-gaap_ShortTermBorrowings" xlink:label="us-gaap_ShortTermBorrowings_634800148766467046" />
    <calculationArc xlink:type="arc" xlink:arcrole="http://www.xbrl.org/2003/arcrole/summation-item" xlink:from="us-gaap_Liabilities_634800148766467046" xlink:to="us-gaap_ShortTermBorrowings_634800148766467046" order="2" use="optional" weight="1" priority="2" />
    <loc xlink:type="locator" xlink:href="http://xbrl.fasb.org/us-gaap/2012/elts/us-gaap-2012-01-31.xsd#us-gaap_AdvancesFromFederalHomeLoanBanks" xlink:label="us-gaap_AdvancesFromFederalHomeLoanBanks_634800148766467046" />
    <calculationArc xlink:type="arc" xlink:arcrole="http://www.xbrl.org/2003/arcrole/summation-item" xlink:from="us-gaap_Liabilities_634800148766467046" xlink:to="us-gaap_AdvancesFromFederalHomeLoanBanks_634800148766467046" order="3" use="optional" weight="1" priority="2" />
    <loc xlink:type="locator" xlink:href="http://xbrl.fasb.org/us-gaap/2012/elts/us-gaap-2012-01-31.xsd#us-gaap_InterestPayableCurrentAndNoncurrent" xlink:label="us-gaap_InterestPayableCurrentAndNoncurrent_634800148766467046" />
    <calculationArc xlink:type="arc" xlink:arcrole="http://www.xbrl.org/2003/arcrole/summation-item" xlink:from="us-gaap_Liabilities_634800148766467046" xlink:to="us-gaap_InterestPayableCurrentAndNoncurrent_634800148766467046" order="4" use="optional" weight="1" priority="2" />
    <loc xlink:type="locator" xlink:href="http://xbrl.fasb.org/us-gaap/2012/elts/us-gaap-2012-01-31.xsd#us-gaap_OtherLiabilities" xlink:label="us-gaap_OtherLiabilities_634800148766467046" />
    <calculationArc xlink:type="arc" xlink:arcrole="http://www.xbrl.org/2003/arcrole/summation-item" xlink:from="us-gaap_Liabilities_634800148766467046" xlink:to="us-gaap_OtherLiabilities_634800148766467046" order="5" use="optional" weight="1" priority="2" />
    <loc xlink:type="locator" xlink:href="http://xbrl.fasb.org/us-gaap/2012/elts/us-gaap-2012-01-31.xsd#us-gaap_StockholdersEquity" xlink:label="us-gaap_StockholdersEquity_634800148766467046" />
    <calculationArc xlink:type="arc" xlink:arcrole="http://www.xbrl.org/2003/arcrole/summation-item" xlink:from="us-gaap_LiabilitiesAndStockholdersEquity_634354273287107829" xlink:to="us-gaap_StockholdersEquity_634800148766467046" order="2" use="optional" weight="1" priority="2" />
    <loc xlink:type="locator" xlink:href="http://xbrl.fasb.org/us-gaap/2012/elts/us-gaap-2012-01-31.xsd#us-gaap_PreferredStockValue" xlink:label="us-gaap_PreferredStockValue_634800148766467046" />
    <calculationArc xlink:type="arc" xlink:arcrole="http://www.xbrl.org/2003/arcrole/summation-item" xlink:from="us-gaap_StockholdersEquity_634800148766467046" xlink:to="us-gaap_PreferredStockValue_634800148766467046" order="1" use="optional" weight="1" priority="2" />
    <loc xlink:type="locator" xlink:href="http://xbrl.fasb.org/us-gaap/2012/elts/us-gaap-2012-01-31.xsd#us-gaap_CommonStockValue" xlink:label="us-gaap_CommonStockValue_634800148766467046" />
    <calculationArc xlink:type="arc" xlink:arcrole="http://www.xbrl.org/2003/arcrole/summation-item" xlink:from="us-gaap_StockholdersEquity_634800148766467046" xlink:to="us-gaap_CommonStockValue_634800148766467046" order="2" use="optional" weight="1" priority="2" />
    <loc xlink:type="locator" xlink:href="http://xbrl.fasb.org/us-gaap/2012/elts/us-gaap-2012-01-31.xsd#us-gaap_RetainedEarningsAccumulatedDeficit" xlink:label="us-gaap_RetainedEarningsAccumulatedDeficit_634800148766467046" />
    <calculationArc xlink:type="arc" xlink:arcrole="http://www.xbrl.org/2003/arcrole/summation-item" xlink:from="us-gaap_StockholdersEquity_634800148766467046" xlink:to="us-gaap_RetainedEarningsAccumulatedDeficit_634800148766467046" order="3" use="optional" weight="1" priority="2" />
    <loc xlink:type="locator" xlink:href="http://xbrl.fasb.org/us-gaap/2012/elts/us-gaap-2012-01-31.xsd#us-gaap_TreasuryStockValue" xlink:label="us-gaap_TreasuryStockValue_634800148766467046" />
    <calculationArc xlink:type="arc" xlink:arcrole="http://www.xbrl.org/2003/arcrole/summation-item" xlink:from="us-gaap_StockholdersEquity_634800148766467046" xlink:to="us-gaap_TreasuryStockValue_634800148766467046" order="4" use="optional" weight="-1" priority="2" />
    <loc xlink:type="locator" xlink:href="http://xbrl.fasb.org/us-gaap/2012/elts/us-gaap-2012-01-31.xsd#us-gaap_AdditionalPaidInCapitalCommonStock" xlink:label="us-gaap_AdditionalPaidInCapitalCommonStock_634800148766467046" />
    <calculationArc xlink:type="arc" xlink:arcrole="http://www.xbrl.org/2003/arcrole/summation-item" xlink:from="us-gaap_StockholdersEquity_634800148766467046" xlink:to="us-gaap_AdditionalPaidInCapitalCommonStock_634800148766467046" order="5" use="optional" weight="1" priority="2" />
    <loc xlink:type="locator" xlink:href="http://xbrl.fasb.org/us-gaap/2012/elts/us-gaap-2012-01-31.xsd#us-gaap_AccumulatedOtherComprehensiveIncomeLossNetOfTax" xlink:label="us-gaap_AccumulatedOtherComprehensiveIncomeLossNetOfTax_634800148766467046" />
    <calculationArc xlink:type="arc" xlink:arcrole="http://www.xbrl.org/2003/arcrole/summation-item" xlink:from="us-gaap_StockholdersEquity_634800148766467046" xlink:to="us-gaap_AccumulatedOtherComprehensiveIncomeLossNetOfTax_634800148766467046" order="6" use="optional" weight="1" priority="2" />
    <loc xlink:type="locator" xlink:href="http://xbrl.fasb.org/us-gaap/2012/elts/us-gaap-2012-01-31.xsd#us-gaap_AccumulatedOtherComprehensiveIncomeLossAvailableForSaleSecuritiesAdjustmentNetOfTax" xlink:label="us-gaap_AccumulatedOtherComprehensiveIncomeLossAvailableForSaleSecuritiesAdjustmentNetOfTax_634800148766467046" />
    <calculationArc xlink:type="arc" xlink:arcrole="http://www.xbrl.org/2003/arcrole/summation-item" xlink:from="us-gaap_AccumulatedOtherComprehensiveIncomeLossNetOfTax_634800148766467046" xlink:to="us-gaap_AccumulatedOtherComprehensiveIncomeLossAvailableForSaleSecuritiesAdjustmentNetOfTax_634800148766467046" order="1" use="optional" weight="1" priority="2" />
    <loc xlink:type="locator" xlink:href="cik0000861955-20120630.xsd#cik0000861955_AccumulatedOtherComprehensiveLossRelatedToNonCreditOtherThanTemporaryImpairments" xlink:label="cik0000861955_AccumulatedOtherComprehensiveLossRelatedToNonCreditOtherThanTemporaryImpairments_634800148766467046" />
    <calculationArc xlink:type="arc" xlink:arcrole="http://www.xbrl.org/2003/arcrole/summation-item" xlink:from="us-gaap_AccumulatedOtherComprehensiveIncomeLossNetOfTax_634800148766467046" xlink:to="cik0000861955_AccumulatedOtherComprehensiveLossRelatedToNonCreditOtherThanTemporaryImpairments_634800148766467046" order="2" use="optional" weight="-1" priority="3" />
  </calculationLink>
  <calculationLink xlink:role="http://www.cibmarine.com/role/StatementConsolidatedStatementsOfOperationsAndComprehensiveIncomeLoss" xlink:type="extended" xlink:title="00200 - Statement - Consolidated Statements Of Operations and Comprehensive Income (Loss)">
    <loc xlink:type="locator" xlink:href="http://xbrl.fasb.org/us-gaap/2012/elts/us-gaap-2012-01-31.xsd#us-gaap_ComprehensiveIncomeNetOfTax" xlink:label="us-gaap_ComprehensiveIncomeNetOfTax" />
    <loc xlink:type="locator" xlink:href="http://xbrl.fasb.org/us-gaap/2012/elts/us-gaap-2012-01-31.xsd#us-gaap_OtherComprehensiveIncomeLossNetOfTaxPortionAttributableToParent" xlink:label="us-gaap_OtherComprehensiveIncomeLossNetOfTaxPortionAttributableToParent_634800148766467046" />
    <calculationArc xlink:type="arc" xlink:arcrole="http://www.xbrl.org/2003/arcrole/summation-item" xlink:from="us-gaap_ComprehensiveIncomeNetOfTax" xlink:to="us-gaap_OtherComprehensiveIncomeLossNetOfTaxPortionAttributableToParent_634800148766467046" order="1" use="optional" weight="1" priority="2" />
    <loc xlink:type="locator" xlink:href="cik0000861955-20120630.xsd#cik0000861955_NetRealizedGainsOnAvailableForSaleSecurities" xlink:label="cik0000861955_NetRealizedGainsOnAvailableForSaleSecurities_634800148766467046" />
    <calculationArc xlink:type="arc" xlink:arcrole="http://www.xbrl.org/2003/arcrole/summation-item" xlink:from="us-gaap_OtherComprehensiveIncomeLossNetOfTaxPortionAttributableToParent_634800148766467046" xlink:to="cik0000861955_NetRealizedGainsOnAvailableForSaleSecurities_634800148766467046" order="1" use="optional" weight="1" priority="2" />
    <loc xlink:type="locator" xlink:href="cik0000861955-20120630.xsd#cik0000861955_ChangeInUnrealizedLossesOnSecuritiesAvailableForSaleForWhichPortionOfOttiHasBeenRecognizedInEarningsNetOfReclassification" xlink:label="cik0000861955_ChangeInUnrealizedLossesOnSecuritiesAvailableForSaleForWhichPortionOfOttiHasBeenRecognizedInEarningsNetOfReclassification_634800148766467046" />
    <calculationArc xlink:type="arc" xlink:arcrole="http://www.xbrl.org/2003/arcrole/summation-item" xlink:from="us-gaap_OtherComprehensiveIncomeLossNetOfTaxPortionAttributableToParent_634800148766467046" xlink:to="cik0000861955_ChangeInUnrealizedLossesOnSecuritiesAvailableForSaleForWhichPortionOfOttiHasBeenRecognizedInEarningsNetOfReclassification_634800148766467046" order="2" use="optional" weight="-1" priority="2" />
    <loc xlink:type="locator" xlink:href="http://xbrl.fasb.org/us-gaap/2012/elts/us-gaap-2012-01-31.xsd#us-gaap_AvailableForSaleSecuritiesChangeInNetUnrealizedHoldingGainLoss" xlink:label="us-gaap_AvailableForSaleSecuritiesChangeInNetUnrealizedHoldingGainLoss_634800148766467046" />
    <calculationArc xlink:type="arc" xlink:arcrole="http://www.xbrl.org/2003/arcrole/summation-item" xlink:from="us-gaap_OtherComprehensiveIncomeLossNetOfTaxPortionAttributableToParent_634800148766467046" xlink:to="us-gaap_AvailableForSaleSecuritiesChangeInNetUnrealizedHoldingGainLoss_634800148766467046" order="3" use="optional" weight="1" priority="2" />
    <loc xlink:type="locator" xlink:href="http://xbrl.fasb.org/us-gaap/2012/elts/us-gaap-2012-01-31.xsd#us-gaap_EarningsPerShareBasic" xlink:label="us-gaap_EarningsPerShareBasic" />
    <loc xlink:type="locator" xlink:href="http://xbrl.fasb.org/us-gaap/2012/elts/us-gaap-2012-01-31.xsd#us-gaap_IncomeLossFromContinuingOperationsPerBasicShare" xlink:label="us-gaap_IncomeLossFromContinuingOperationsPerBasicShare_634800148766467046" />
    <calculationArc xlink:type="arc" xlink:arcrole="http://www.xbrl.org/2003/arcrole/summation-item" xlink:from="us-gaap_EarningsPerShareBasic" xlink:to="us-gaap_IncomeLossFromContinuingOperationsPerBasicShare_634800148766467046" order="1" use="optional" weight="1" priority="2" />
    <loc xlink:type="locator" xlink:href="http://xbrl.fasb.org/us-gaap/2012/elts/us-gaap-2012-01-31.xsd#us-gaap_IncomeLossFromDiscontinuedOperationsNetOfTaxPerBasicShare" xlink:label="us-gaap_IncomeLossFromDiscontinuedOperationsNetOfTaxPerBasicShare_634800148766467046" />
    <calculationArc xlink:type="arc" xlink:arcrole="http://www.xbrl.org/2003/arcrole/summation-item" xlink:from="us-gaap_EarningsPerShareBasic" xlink:to="us-gaap_IncomeLossFromDiscontinuedOperationsNetOfTaxPerBasicShare_634800148766467046" order="2" use="optional" weight="1" priority="2" />
    <loc xlink:type="locator" xlink:href="http://xbrl.fasb.org/us-gaap/2012/elts/us-gaap-2012-01-31.xsd#us-gaap_EarningsPerShareDiluted" xlink:label="us-gaap_EarningsPerShareDiluted" />
    <loc xlink:type="locator" xlink:href="http://xbrl.fasb.org/us-gaap/2012/elts/us-gaap-2012-01-31.xsd#us-gaap_IncomeLossFromContinuingOperationsPerDilutedShare" xlink:label="us-gaap_IncomeLossFromContinuingOperationsPerDilutedShare_634800148766467046" />
    <calculationArc xlink:type="arc" xlink:arcrole="http://www.xbrl.org/2003/arcrole/summation-item" xlink:from="us-gaap_EarningsPerShareDiluted" xlink:to="us-gaap_IncomeLossFromContinuingOperationsPerDilutedShare_634800148766467046" order="1" use="optional" weight="1" priority="2" />
    <loc xlink:type="locator" xlink:href="http://xbrl.fasb.org/us-gaap/2012/elts/us-gaap-2012-01-31.xsd#us-gaap_IncomeLossFromDiscontinuedOperationsNetOfTaxPerDilutedShare" xlink:label="us-gaap_IncomeLossFromDiscontinuedOperationsNetOfTaxPerDilutedShare_634800148766467046" />
    <calculationArc xlink:type="arc" xlink:arcrole="http://www.xbrl.org/2003/arcrole/summation-item" xlink:from="us-gaap_EarningsPerShareDiluted" xlink:to="us-gaap_IncomeLossFromDiscontinuedOperationsNetOfTaxPerDilutedShare_634800148766467046" order="2" use="optional" weight="1" priority="2" />
    <loc xlink:type="locator" xlink:href="http://xbrl.fasb.org/us-gaap/2012/elts/us-gaap-2012-01-31.xsd#us-gaap_NetIncomeLossAvailableToCommonStockholdersBasic" xlink:label="us-gaap_NetIncomeLossAvailableToCommonStockholdersBasic" />
    <loc xlink:type="locator" xlink:href="http://xbrl.fasb.org/us-gaap/2012/elts/us-gaap-2012-01-31.xsd#us-gaap_PreferredStockDividendsIncomeStatementImpact" xlink:label="us-gaap_PreferredStockDividendsIncomeStatementImpact_634800148766467046" />
    <calculationArc xlink:type="arc" xlink:arcrole="http://www.xbrl.org/2003/arcrole/summation-item" xlink:from="us-gaap_NetIncomeLossAvailableToCommonStockholdersBasic" xlink:to="us-gaap_PreferredStockDividendsIncomeStatementImpact_634800148766467046" order="1" use="optional" weight="-1" priority="2" />
    <loc xlink:type="locator" xlink:href="http://xbrl.fasb.org/us-gaap/2012/elts/us-gaap-2012-01-31.xsd#us-gaap_NetIncomeLoss" xlink:label="us-gaap_NetIncomeLoss_634800148766467046" />
    <calculationArc xlink:type="arc" xlink:arcrole="http://www.xbrl.org/2003/arcrole/summation-item" xlink:from="us-gaap_NetIncomeLossAvailableToCommonStockholdersBasic" xlink:to="us-gaap_NetIncomeLoss_634800148766467046" order="2" use="optional" weight="1" priority="2" />
    <loc xlink:type="locator" xlink:href="http://xbrl.fasb.org/us-gaap/2012/elts/us-gaap-2012-01-31.xsd#us-gaap_IncomeLossFromContinuingOperationsIncludingPortionAttributableToNoncontrollingInterest" xlink:label="us-gaap_IncomeLossFromContinuingOperationsIncludingPortionAttributableToNoncontrollingInterest_634800148766467046" />
    <calculationArc xlink:type="arc" xlink:arcrole="http://www.xbrl.org/2003/arcrole/summation-item" xlink:from="us-gaap_NetIncomeLoss_634800148766467046" xlink:to="us-gaap_IncomeLossFromContinuingOperationsIncludingPortionAttributableToNoncontrollingInterest_634800148766467046" order="1" use="optional" weight="1" priority="2" />
    <loc xlink:type="locator" xlink:href="http://xbrl.fasb.org/us-gaap/2012/elts/us-gaap-2012-01-31.xsd#us-gaap_IncomeLossFromContinuingOperationsBeforeIncomeTaxesMinorityInterestAndIncomeLossFromEquityMethodInvestments" xlink:label="us-gaap_IncomeLossFromContinuingOperationsBeforeIncomeTaxesMinorityInterestAndIncomeLossFromEquityMethodInvestments_634800148766467046" />
    <calculationArc xlink:type="arc" xlink:arcrole="http://www.xbrl.org/2003/arcrole/summation-item" xlink:from="us-gaap_IncomeLossFromContinuingOperationsIncludingPortionAttributableToNoncontrollingInterest_634800148766467046" xlink:to="us-gaap_IncomeLossFromContinuingOperationsBeforeIncomeTaxesMinorityInterestAndIncomeLossFromEquityMethodInvestments_634800148766467046" order="1" use="optional" weight="1" priority="2" />
    <loc xlink:type="locator" xlink:href="http://xbrl.fasb.org/us-gaap/2012/elts/us-gaap-2012-01-31.xsd#us-gaap_InterestIncomeExpenseAfterProvisionForLoanLoss" xlink:label="us-gaap_InterestIncomeExpenseAfterProvisionForLoanLoss_634800148766467046" />
    <calculationArc xlink:type="arc" xlink:arcrole="http://www.xbrl.org/2003/arcrole/summation-item" xlink:from="us-gaap_IncomeLossFromContinuingOperationsBeforeIncomeTaxesMinorityInterestAndIncomeLossFromEquityMethodInvestments_634800148766467046" xlink:to="us-gaap_InterestIncomeExpenseAfterProvisionForLoanLoss_634800148766467046" order="1" use="optional" weight="1" priority="2" />
    <loc xlink:type="locator" xlink:href="http://xbrl.fasb.org/us-gaap/2012/elts/us-gaap-2012-01-31.xsd#us-gaap_InterestIncomeExpenseNet" xlink:label="us-gaap_InterestIncomeExpenseNet_634800148766467046" />
    <calculationArc xlink:type="arc" xlink:arcrole="http://www.xbrl.org/2003/arcrole/summation-item" xlink:from="us-gaap_InterestIncomeExpenseAfterProvisionForLoanLoss_634800148766467046" xlink:to="us-gaap_InterestIncomeExpenseNet_634800148766467046" order="1" use="optional" weight="1" priority="2" />
    <loc xlink:type="locator" xlink:href="http://xbrl.fasb.org/us-gaap/2012/elts/us-gaap-2012-01-31.xsd#us-gaap_InterestExpense" xlink:label="us-gaap_InterestExpense_634800148766467046" />
    <calculationArc xlink:type="arc" xlink:arcrole="http://www.xbrl.org/2003/arcrole/summation-item" xlink:from="us-gaap_InterestIncomeExpenseNet_634800148766467046" xlink:to="us-gaap_InterestExpense_634800148766467046" order="1" use="optional" weight="-1" priority="2" />
    <loc xlink:type="locator" xlink:href="http://xbrl.fasb.org/us-gaap/2012/elts/us-gaap-2012-01-31.xsd#us-gaap_InterestExpenseDeposits" xlink:label="us-gaap_InterestExpenseDeposits_634800148766467046" />
    <calculationArc xlink:type="arc" xlink:arcrole="http://www.xbrl.org/2003/arcrole/summation-item" xlink:from="us-gaap_InterestExpense_634800148766467046" xlink:to="us-gaap_InterestExpenseDeposits_634800148766467046" order="1" use="optional" weight="1" priority="2" />
    <loc xlink:type="locator" xlink:href="http://xbrl.fasb.org/us-gaap/2012/elts/us-gaap-2012-01-31.xsd#us-gaap_InterestExpenseShortTermBorrowings" xlink:label="us-gaap_InterestExpenseShortTermBorrowings_634800148766467046" />
    <calculationArc xlink:type="arc" xlink:arcrole="http://www.xbrl.org/2003/arcrole/summation-item" xlink:from="us-gaap_InterestExpense_634800148766467046" xlink:to="us-gaap_InterestExpenseShortTermBorrowings_634800148766467046" order="2" use="optional" weight="1" priority="2" />
    <loc xlink:type="locator" xlink:href="http://xbrl.fasb.org/us-gaap/2012/elts/us-gaap-2012-01-31.xsd#us-gaap_InterestExpenseLongTermDebtAndCapitalSecurities" xlink:label="us-gaap_InterestExpenseLongTermDebtAndCapitalSecurities_634800148766467046" />
    <calculationArc xlink:type="arc" xlink:arcrole="http://www.xbrl.org/2003/arcrole/summation-item" xlink:from="us-gaap_InterestExpense_634800148766467046" xlink:to="us-gaap_InterestExpenseLongTermDebtAndCapitalSecurities_634800148766467046" order="3" use="optional" weight="1" priority="2" />
    <loc xlink:type="locator" xlink:href="http://xbrl.fasb.org/us-gaap/2012/elts/us-gaap-2012-01-31.xsd#us-gaap_InterestAndDividendIncomeOperating" xlink:label="us-gaap_InterestAndDividendIncomeOperating_634800148766467046" />
    <calculationArc xlink:type="arc" xlink:arcrole="http://www.xbrl.org/2003/arcrole/summation-item" xlink:from="us-gaap_InterestIncomeExpenseNet_634800148766467046" xlink:to="us-gaap_InterestAndDividendIncomeOperating_634800148766467046" order="2" use="optional" weight="1" priority="2" />
    <loc xlink:type="locator" xlink:href="http://xbrl.fasb.org/us-gaap/2012/elts/us-gaap-2012-01-31.xsd#us-gaap_InterestAndFeeIncomeLoansAndLeasesHeldInPortfolio" xlink:label="us-gaap_InterestAndFeeIncomeLoansAndLeasesHeldInPortfolio_634800148766467046" />
    <calculationArc xlink:type="arc" xlink:arcrole="http://www.xbrl.org/2003/arcrole/summation-item" xlink:from="us-gaap_InterestAndDividendIncomeOperating_634800148766467046" xlink:to="us-gaap_InterestAndFeeIncomeLoansAndLeasesHeldInPortfolio_634800148766467046" order="1" use="optional" weight="1" priority="2" />
    <loc xlink:type="locator" xlink:href="http://xbrl.fasb.org/us-gaap/2012/elts/us-gaap-2012-01-31.xsd#us-gaap_InterestAndFeeIncomeLoansAndLeasesHeldForSale" xlink:label="us-gaap_InterestAndFeeIncomeLoansAndLeasesHeldForSale_634800148766467046" />
    <calculationArc xlink:type="arc" xlink:arcrole="http://www.xbrl.org/2003/arcrole/summation-item" xlink:from="us-gaap_InterestAndDividendIncomeOperating_634800148766467046" xlink:to="us-gaap_InterestAndFeeIncomeLoansAndLeasesHeldForSale_634800148766467046" order="2" use="optional" weight="1" priority="2" />
    <loc xlink:type="locator" xlink:href="http://xbrl.fasb.org/us-gaap/2012/elts/us-gaap-2012-01-31.xsd#us-gaap_InterestIncomeFederalFundsSold" xlink:label="us-gaap_InterestIncomeFederalFundsSold_634800148766623046" />
    <calculationArc xlink:type="arc" xlink:arcrole="http://www.xbrl.org/2003/arcrole/summation-item" xlink:from="us-gaap_InterestAndDividendIncomeOperating_634800148766467046" xlink:to="us-gaap_InterestIncomeFederalFundsSold_634800148766623046" order="3" use="optional" weight="1" priority="2" />
    <loc xlink:type="locator" xlink:href="http://xbrl.fasb.org/us-gaap/2012/elts/us-gaap-2012-01-31.xsd#us-gaap_InterestAndDividendIncomeSecurities" xlink:label="us-gaap_InterestAndDividendIncomeSecurities_634800148766623046" />
    <calculationArc xlink:type="arc" xlink:arcrole="http://www.xbrl.org/2003/arcrole/summation-item" xlink:from="us-gaap_InterestAndDividendIncomeOperating_634800148766467046" xlink:to="us-gaap_InterestAndDividendIncomeSecurities_634800148766623046" order="4" use="optional" weight="1" priority="2" />
    <loc xlink:type="locator" xlink:href="http://xbrl.fasb.org/us-gaap/2012/elts/us-gaap-2012-01-31.xsd#us-gaap_ProvisionForLoanAndLeaseLosses" xlink:label="us-gaap_ProvisionForLoanAndLeaseLosses_634800148766623046" />
    <calculationArc xlink:type="arc" xlink:arcrole="http://www.xbrl.org/2003/arcrole/summation-item" xlink:from="us-gaap_InterestIncomeExpenseAfterProvisionForLoanLoss_634800148766467046" xlink:to="us-gaap_ProvisionForLoanAndLeaseLosses_634800148766623046" order="2" use="optional" weight="-1" priority="2" />
    <loc xlink:type="locator" xlink:href="http://xbrl.fasb.org/us-gaap/2012/elts/us-gaap-2012-01-31.xsd#us-gaap_NoninterestIncome" xlink:label="us-gaap_NoninterestIncome_634800148766623046" />
    <calculationArc xlink:type="arc" xlink:arcrole="http://www.xbrl.org/2003/arcrole/summation-item" xlink:from="us-gaap_IncomeLossFromContinuingOperationsBeforeIncomeTaxesMinorityInterestAndIncomeLossFromEquityMethodInvestments_634800148766467046" xlink:to="us-gaap_NoninterestIncome_634800148766623046" order="2" use="optional" weight="1" priority="2" />
    <loc xlink:type="locator" xlink:href="http://xbrl.fasb.org/us-gaap/2012/elts/us-gaap-2012-01-31.xsd#us-gaap_FeesAndCommissionsDepositorAccounts" xlink:label="us-gaap_FeesAndCommissionsDepositorAccounts_634800148766623046" />
    <calculationArc xlink:type="arc" xlink:arcrole="http://www.xbrl.org/2003/arcrole/summation-item" xlink:from="us-gaap_NoninterestIncome_634800148766623046" xlink:to="us-gaap_FeesAndCommissionsDepositorAccounts_634800148766623046" order="1" use="optional" weight="1" priority="2" />
    <loc xlink:type="locator" xlink:href="http://xbrl.fasb.org/us-gaap/2012/elts/us-gaap-2012-01-31.xsd#us-gaap_FeesAndCommissionsOther" xlink:label="us-gaap_FeesAndCommissionsOther_634800148766623046" />
    <calculationArc xlink:type="arc" xlink:arcrole="http://www.xbrl.org/2003/arcrole/summation-item" xlink:from="us-gaap_NoninterestIncome_634800148766623046" xlink:to="us-gaap_FeesAndCommissionsOther_634800148766623046" order="2" use="optional" weight="1" priority="2" />
    <loc xlink:type="locator" xlink:href="http://xbrl.fasb.org/us-gaap/2012/elts/us-gaap-2012-01-31.xsd#us-gaap_NoninterestIncomeOtherOperatingIncome" xlink:label="us-gaap_NoninterestIncomeOtherOperatingIncome_634800148766623046" />
    <calculationArc xlink:type="arc" xlink:arcrole="http://www.xbrl.org/2003/arcrole/summation-item" xlink:from="us-gaap_NoninterestIncome_634800148766623046" xlink:to="us-gaap_NoninterestIncomeOtherOperatingIncome_634800148766623046" order="3" use="optional" weight="1" priority="2" />
    <loc xlink:type="locator" xlink:href="http://xbrl.fasb.org/us-gaap/2012/elts/us-gaap-2012-01-31.xsd#us-gaap_OtherThanTemporaryImpairmentLossesInvestmentsPortionRecognizedInEarningsNet" xlink:label="us-gaap_OtherThanTemporaryImpairmentLossesInvestmentsPortionRecognizedInEarningsNet_634800148766623046" />
    <calculationArc xlink:type="arc" xlink:arcrole="http://www.xbrl.org/2003/arcrole/summation-item" xlink:from="us-gaap_NoninterestIncome_634800148766623046" xlink:to="us-gaap_OtherThanTemporaryImpairmentLossesInvestmentsPortionRecognizedInEarningsNet_634800148766623046" order="4" use="optional" weight="-1" priority="2" />
    <loc xlink:type="locator" xlink:href="http://xbrl.fasb.org/us-gaap/2012/elts/us-gaap-2012-01-31.xsd#us-gaap_OtherThanTemporaryImpairmentLossesInvestmentsPortionInOtherComprehensiveIncomeLossBeforeTaxIncludingPortionAttributableToNoncontrollingInterest" xlink:label="us-gaap_OtherThanTemporaryImpairmentLossesInvestmentsPortionInOtherComprehensiveIncomeLossBeforeTaxIncludingPortionAttributableToNoncontrollingInterest_634800148766623046" />
    <calculationArc xlink:type="arc" xlink:arcrole="http://www.xbrl.org/2003/arcrole/summation-item" xlink:from="us-gaap_OtherThanTemporaryImpairmentLossesInvestmentsPortionRecognizedInEarningsNet_634800148766623046" xlink:to="us-gaap_OtherThanTemporaryImpairmentLossesInvestmentsPortionInOtherComprehensiveIncomeLossBeforeTaxIncludingPortionAttributableToNoncontrollingInterest_634800148766623046" order="1" use="optional" weight="1" priority="2" />
    <loc xlink:type="locator" xlink:href="http://xbrl.fasb.org/us-gaap/2012/elts/us-gaap-2012-01-31.xsd#us-gaap_ImpairmentOfInvestments" xlink:label="us-gaap_ImpairmentOfInvestments_634800148766623046" />
    <calculationArc xlink:type="arc" xlink:arcrole="http://www.xbrl.org/2003/arcrole/summation-item" xlink:from="us-gaap_OtherThanTemporaryImpairmentLossesInvestmentsPortionRecognizedInEarningsNet_634800148766623046" xlink:to="us-gaap_ImpairmentOfInvestments_634800148766623046" order="2" use="optional" weight="1" priority="2" />
    <loc xlink:type="locator" xlink:href="http://xbrl.fasb.org/us-gaap/2012/elts/us-gaap-2012-01-31.xsd#us-gaap_GainsLossesOnSalesOfAssets" xlink:label="us-gaap_GainsLossesOnSalesOfAssets_634800148766623046" />
    <calculationArc xlink:type="arc" xlink:arcrole="http://www.xbrl.org/2003/arcrole/summation-item" xlink:from="us-gaap_NoninterestIncome_634800148766623046" xlink:to="us-gaap_GainsLossesOnSalesOfAssets_634800148766623046" order="5" use="optional" weight="1" priority="2" />
    <loc xlink:type="locator" xlink:href="http://xbrl.fasb.org/us-gaap/2012/elts/us-gaap-2012-01-31.xsd#us-gaap_NoninterestExpense" xlink:label="us-gaap_NoninterestExpense_634800148766623046" />
    <calculationArc xlink:type="arc" xlink:arcrole="http://www.xbrl.org/2003/arcrole/summation-item" xlink:from="us-gaap_IncomeLossFromContinuingOperationsBeforeIncomeTaxesMinorityInterestAndIncomeLossFromEquityMethodInvestments_634800148766467046" xlink:to="us-gaap_NoninterestExpense_634800148766623046" order="3" use="optional" weight="-1" priority="2" />
    <loc xlink:type="locator" xlink:href="http://xbrl.fasb.org/us-gaap/2012/elts/us-gaap-2012-01-31.xsd#us-gaap_EquipmentExpense" xlink:label="us-gaap_EquipmentExpense_634800148766623046" />
    <calculationArc xlink:type="arc" xlink:arcrole="http://www.xbrl.org/2003/arcrole/summation-item" xlink:from="us-gaap_NoninterestExpense_634800148766623046" xlink:to="us-gaap_EquipmentExpense_634800148766623046" order="1" use="optional" weight="1" priority="2" />
    <loc xlink:type="locator" xlink:href="http://xbrl.fasb.org/us-gaap/2012/elts/us-gaap-2012-01-31.xsd#us-gaap_FederalDepositInsuranceCorporationPremiumExpense" xlink:label="us-gaap_FederalDepositInsuranceCorporationPremiumExpense_634800148766623046" />
    <calculationArc xlink:type="arc" xlink:arcrole="http://www.xbrl.org/2003/arcrole/summation-item" xlink:from="us-gaap_NoninterestExpense_634800148766623046" xlink:to="us-gaap_FederalDepositInsuranceCorporationPremiumExpense_634800148766623046" order="2" use="optional" weight="1" priority="2" />
    <loc xlink:type="locator" xlink:href="http://xbrl.fasb.org/us-gaap/2012/elts/us-gaap-2012-01-31.xsd#us-gaap_CommunicationsAndInformationTechnology" xlink:label="us-gaap_CommunicationsAndInformationTechnology_634800148766623046" />
    <calculationArc xlink:type="arc" xlink:arcrole="http://www.xbrl.org/2003/arcrole/summation-item" xlink:from="us-gaap_NoninterestExpense_634800148766623046" xlink:to="us-gaap_CommunicationsAndInformationTechnology_634800148766623046" order="3" use="optional" weight="1" priority="2" />
    <loc xlink:type="locator" xlink:href="http://xbrl.fasb.org/us-gaap/2012/elts/us-gaap-2012-01-31.xsd#us-gaap_GeneralInsuranceExpense" xlink:label="us-gaap_GeneralInsuranceExpense_634800148766623046" />
    <calculationArc xlink:type="arc" xlink:arcrole="http://www.xbrl.org/2003/arcrole/summation-item" xlink:from="us-gaap_NoninterestExpense_634800148766623046" xlink:to="us-gaap_GeneralInsuranceExpense_634800148766623046" order="4" use="optional" weight="1" priority="2" />
    <loc xlink:type="locator" xlink:href="http://xbrl.fasb.org/us-gaap/2012/elts/us-gaap-2012-01-31.xsd#us-gaap_LaborAndRelatedExpense" xlink:label="us-gaap_LaborAndRelatedExpense_634800148766623046" />
    <calculationArc xlink:type="arc" xlink:arcrole="http://www.xbrl.org/2003/arcrole/summation-item" xlink:from="us-gaap_NoninterestExpense_634800148766623046" xlink:to="us-gaap_LaborAndRelatedExpense_634800148766623046" order="5" use="optional" weight="1" priority="2" />
    <loc xlink:type="locator" xlink:href="http://xbrl.fasb.org/us-gaap/2012/elts/us-gaap-2012-01-31.xsd#us-gaap_OccupancyNet" xlink:label="us-gaap_OccupancyNet_634800148766623046" />
    <calculationArc xlink:type="arc" xlink:arcrole="http://www.xbrl.org/2003/arcrole/summation-item" xlink:from="us-gaap_NoninterestExpense_634800148766623046" xlink:to="us-gaap_OccupancyNet_634800148766623046" order="6" use="optional" weight="1" priority="2" />
    <loc xlink:type="locator" xlink:href="http://xbrl.fasb.org/us-gaap/2012/elts/us-gaap-2012-01-31.xsd#us-gaap_OtherNoninterestExpense" xlink:label="us-gaap_OtherNoninterestExpense_634800148766623046" />
    <calculationArc xlink:type="arc" xlink:arcrole="http://www.xbrl.org/2003/arcrole/summation-item" xlink:from="us-gaap_NoninterestExpense_634800148766623046" xlink:to="us-gaap_OtherNoninterestExpense_634800148766623046" order="7" use="optional" weight="1" priority="2" />
    <loc xlink:type="locator" xlink:href="http://xbrl.fasb.org/us-gaap/2012/elts/us-gaap-2012-01-31.xsd#us-gaap_ProfessionalFees" xlink:label="us-gaap_ProfessionalFees_634800148766623046" />
    <calculationArc xlink:type="arc" xlink:arcrole="http://www.xbrl.org/2003/arcrole/summation-item" xlink:from="us-gaap_NoninterestExpense_634800148766623046" xlink:to="us-gaap_ProfessionalFees_634800148766623046" order="8" use="optional" weight="1" priority="2" />
    <loc xlink:type="locator" xlink:href="http://xbrl.fasb.org/us-gaap/2012/elts/us-gaap-2012-01-31.xsd#us-gaap_AssetImpairmentCharges" xlink:label="us-gaap_AssetImpairmentCharges_634800148766623046" />
    <calculationArc xlink:type="arc" xlink:arcrole="http://www.xbrl.org/2003/arcrole/summation-item" xlink:from="us-gaap_NoninterestExpense_634800148766623046" xlink:to="us-gaap_AssetImpairmentCharges_634800148766623046" order="9" use="optional" weight="1" priority="2" />
    <loc xlink:type="locator" xlink:href="http://xbrl.fasb.org/us-gaap/2012/elts/us-gaap-2012-01-31.xsd#us-gaap_InformationTechnologyAndDataProcessing" xlink:label="us-gaap_InformationTechnologyAndDataProcessing_634800148766623046" />
    <calculationArc xlink:type="arc" xlink:arcrole="http://www.xbrl.org/2003/arcrole/summation-item" xlink:from="us-gaap_NoninterestExpense_634800148766623046" xlink:to="us-gaap_InformationTechnologyAndDataProcessing_634800148766623046" order="10" use="optional" weight="1" priority="2" />
    <loc xlink:type="locator" xlink:href="http://xbrl.fasb.org/us-gaap/2012/elts/us-gaap-2012-01-31.xsd#us-gaap_IncomeTaxExpenseBenefit" xlink:label="us-gaap_IncomeTaxExpenseBenefit_634800148766623046" />
    <calculationArc xlink:type="arc" xlink:arcrole="http://www.xbrl.org/2003/arcrole/summation-item" xlink:from="us-gaap_IncomeLossFromContinuingOperationsIncludingPortionAttributableToNoncontrollingInterest_634800148766467046" xlink:to="us-gaap_IncomeTaxExpenseBenefit_634800148766623046" order="2" use="optional" weight="-1" priority="2" />
    <loc xlink:type="locator" xlink:href="http://xbrl.fasb.org/us-gaap/2012/elts/us-gaap-2012-01-31.xsd#us-gaap_IncomeLossFromDiscontinuedOperationsNetOfTax" xlink:label="us-gaap_IncomeLossFromDiscontinuedOperationsNetOfTax_634800148766623046" />
    <calculationArc xlink:type="arc" xlink:arcrole="http://www.xbrl.org/2003/arcrole/summation-item" xlink:from="us-gaap_NetIncomeLoss_634800148766467046" xlink:to="us-gaap_IncomeLossFromDiscontinuedOperationsNetOfTax_634800148766623046" order="2" use="optional" weight="1" priority="2" />
    <loc xlink:type="locator" xlink:href="http://xbrl.fasb.org/us-gaap/2012/elts/us-gaap-2012-01-31.xsd#us-gaap_DiscontinuedOperationIncomeLossFromDiscontinuedOperationBeforeIncomeTax" xlink:label="us-gaap_DiscontinuedOperationIncomeLossFromDiscontinuedOperationBeforeIncomeTax_634800148766623046" />
    <calculationArc xlink:type="arc" xlink:arcrole="http://www.xbrl.org/2003/arcrole/summation-item" xlink:from="us-gaap_IncomeLossFromDiscontinuedOperationsNetOfTax_634800148766623046" xlink:to="us-gaap_DiscontinuedOperationIncomeLossFromDiscontinuedOperationBeforeIncomeTax_634800148766623046" order="1" use="optional" weight="1" priority="2" />
    <loc xlink:type="locator" xlink:href="http://xbrl.fasb.org/us-gaap/2012/elts/us-gaap-2012-01-31.xsd#us-gaap_DiscontinuedOperationTaxEffectOfDiscontinuedOperation" xlink:label="us-gaap_DiscontinuedOperationTaxEffectOfDiscontinuedOperation_634800148766623046" />
    <calculationArc xlink:type="arc" xlink:arcrole="http://www.xbrl.org/2003/arcrole/summation-item" xlink:from="us-gaap_IncomeLossFromDiscontinuedOperationsNetOfTax_634800148766623046" xlink:to="us-gaap_DiscontinuedOperationTaxEffectOfDiscontinuedOperation_634800148766623046" order="2" use="optional" weight="-1" priority="2" />
  </calculationLink>
  <calculationLink xlink:role="http://www.cibmarine.com/role/StatementConsolidatedStatementsOfStockholdersEquity" xlink:type="extended" xlink:title="00300 - Statement - Consolidated Statements Of Stockholders' Equity">
    <loc xlink:type="locator" xlink:href="http://xbrl.fasb.org/us-gaap/2012/elts/us-gaap-2012-01-31.xsd#us-gaap_ComprehensiveIncomeNetOfTax" xlink:label="us-gaap_ComprehensiveIncomeNetOfTax" />
    <loc xlink:type="locator" xlink:href="http://xbrl.fasb.org/us-gaap/2012/elts/us-gaap-2012-01-31.xsd#us-gaap_NetIncomeLoss" xlink:label="us-gaap_NetIncomeLoss_634800148766623046" />
    <calculationArc xlink:type="arc" xlink:arcrole="http://www.xbrl.org/2003/arcrole/summation-item" xlink:from="us-gaap_ComprehensiveIncomeNetOfTax" xlink:to="us-gaap_NetIncomeLoss_634800148766623046" order="1" use="optional" weight="1" priority="2" />
    <loc xlink:type="locator" xlink:href="http://xbrl.fasb.org/us-gaap/2012/elts/us-gaap-2012-01-31.xsd#us-gaap_OtherComprehensiveIncomeLossTax" xlink:label="us-gaap_OtherComprehensiveIncomeLossTax_634800148766623046" />
    <calculationArc xlink:type="arc" xlink:arcrole="http://www.xbrl.org/2003/arcrole/summation-item" xlink:from="us-gaap_ComprehensiveIncomeNetOfTax" xlink:to="us-gaap_OtherComprehensiveIncomeLossTax_634800148766623046" order="2" use="optional" weight="-1" priority="2" />
  </calculationLink>
  <calculationLink xlink:role="http://www.cibmarine.com/role/StatementConsolidatedStatementsOfCashFlows" xlink:type="extended" xlink:title="00400 - Statement - Consolidated Statements Of Cash Flows">
    <loc xlink:type="locator" xlink:href="http://xbrl.fasb.org/us-gaap/2012/elts/us-gaap-2012-01-31.xsd#us-gaap_CashAndCashEquivalentsPeriodIncreaseDecrease" xlink:label="us-gaap_CashAndCashEquivalentsPeriodIncreaseDecrease" />
    <loc xlink:type="locator" xlink:href="http://xbrl.fasb.org/us-gaap/2012/elts/us-gaap-2012-01-31.xsd#us-gaap_NetCashProvidedByUsedInOperatingActivities" xlink:label="us-gaap_NetCashProvidedByUsedInOperatingActivities_634800148766623046" />
    <calculationArc xlink:type="arc" xlink:arcrole="http://www.xbrl.org/2003/arcrole/summation-item" xlink:from="us-gaap_CashAndCashEquivalentsPeriodIncreaseDecrease" xlink:to="us-gaap_NetCashProvidedByUsedInOperatingActivities_634800148766623046" order="1" use="optional" weight="1" priority="2" />
    <loc xlink:type="locator" xlink:href="http://xbrl.fasb.org/us-gaap/2012/elts/us-gaap-2012-01-31.xsd#us-gaap_NetIncomeLoss" xlink:label="us-gaap_NetIncomeLoss_634800148766623046" />
    <calculationArc xlink:type="arc" xlink:arcrole="http://www.xbrl.org/2003/arcrole/summation-item" xlink:from="us-gaap_NetCashProvidedByUsedInOperatingActivities_634800148766623046" xlink:to="us-gaap_NetIncomeLoss_634800148766623046" order="1" use="optional" weight="1" priority="2" />
    <loc xlink:type="locator" xlink:href="http://xbrl.fasb.org/us-gaap/2012/elts/us-gaap-2012-01-31.xsd#us-gaap_AmortizationOfDeferredLoanOriginationFeesNet" xlink:label="us-gaap_AmortizationOfDeferredLoanOriginationFeesNet_634800148766623046" />
    <calculationArc xlink:type="arc" xlink:arcrole="http://www.xbrl.org/2003/arcrole/summation-item" xlink:from="us-gaap_NetCashProvidedByUsedInOperatingActivities_634800148766623046" xlink:to="us-gaap_AmortizationOfDeferredLoanOriginationFeesNet_634800148766623046" order="2" use="optional" weight="-1" priority="3" />
    <loc xlink:type="locator" xlink:href="http://xbrl.fasb.org/us-gaap/2012/elts/us-gaap-2012-01-31.xsd#us-gaap_DepreciationAmortizationAndAccretionNet" xlink:label="us-gaap_DepreciationAmortizationAndAccretionNet_634800148766623046" />
    <calculationArc xlink:type="arc" xlink:arcrole="http://www.xbrl.org/2003/arcrole/summation-item" xlink:from="us-gaap_NetCashProvidedByUsedInOperatingActivities_634800148766623046" xlink:to="us-gaap_DepreciationAmortizationAndAccretionNet_634800148766623046" order="3" use="optional" weight="1" priority="2" />
    <loc xlink:type="locator" xlink:href="http://xbrl.fasb.org/us-gaap/2012/elts/us-gaap-2012-01-31.xsd#us-gaap_ProvisionForLoanAndLeaseLosses" xlink:label="us-gaap_ProvisionForLoanAndLeaseLosses_634800148766623046" />
    <calculationArc xlink:type="arc" xlink:arcrole="http://www.xbrl.org/2003/arcrole/summation-item" xlink:from="us-gaap_NetCashProvidedByUsedInOperatingActivities_634800148766623046" xlink:to="us-gaap_ProvisionForLoanAndLeaseLosses_634800148766623046" order="4" use="optional" weight="1" priority="2" />
    <loc xlink:type="locator" xlink:href="http://xbrl.fasb.org/us-gaap/2012/elts/us-gaap-2012-01-31.xsd#us-gaap_GainsLossesOnSalesOfAssets" xlink:label="us-gaap_GainsLossesOnSalesOfAssets_634800148766623046" />
    <calculationArc xlink:type="arc" xlink:arcrole="http://www.xbrl.org/2003/arcrole/summation-item" xlink:from="us-gaap_NetCashProvidedByUsedInOperatingActivities_634800148766623046" xlink:to="us-gaap_GainsLossesOnSalesOfAssets_634800148766623046" order="5" use="optional" weight="-1" priority="4" />
    <loc xlink:type="locator" xlink:href="http://xbrl.fasb.org/us-gaap/2012/elts/us-gaap-2012-01-31.xsd#us-gaap_AssetImpairmentCharges" xlink:label="us-gaap_AssetImpairmentCharges_634800148766623046" />
    <calculationArc xlink:type="arc" xlink:arcrole="http://www.xbrl.org/2003/arcrole/summation-item" xlink:from="us-gaap_NetCashProvidedByUsedInOperatingActivities_634800148766623046" xlink:to="us-gaap_AssetImpairmentCharges_634800148766623046" order="6" use="optional" weight="1" priority="2" />
    <loc xlink:type="locator" xlink:href="http://xbrl.fasb.org/us-gaap/2012/elts/us-gaap-2012-01-31.xsd#us-gaap_IncreaseDecreaseInAccountsReceivableAndOtherOperatingAssets" xlink:label="us-gaap_IncreaseDecreaseInAccountsReceivableAndOtherOperatingAssets_634800148766623046" />
    <calculationArc xlink:type="arc" xlink:arcrole="http://www.xbrl.org/2003/arcrole/summation-item" xlink:from="us-gaap_NetCashProvidedByUsedInOperatingActivities_634800148766623046" xlink:to="us-gaap_IncreaseDecreaseInAccountsReceivableAndOtherOperatingAssets_634800148766623046" order="7" use="optional" weight="-1" priority="4" />
    <loc xlink:type="locator" xlink:href="http://xbrl.fasb.org/us-gaap/2012/elts/us-gaap-2012-01-31.xsd#us-gaap_IncreaseDecreaseInAccruedLiabilitiesAndOtherOperatingLiabilities" xlink:label="us-gaap_IncreaseDecreaseInAccruedLiabilitiesAndOtherOperatingLiabilities_634800148766623046" />
    <calculationArc xlink:type="arc" xlink:arcrole="http://www.xbrl.org/2003/arcrole/summation-item" xlink:from="us-gaap_NetCashProvidedByUsedInOperatingActivities_634800148766623046" xlink:to="us-gaap_IncreaseDecreaseInAccruedLiabilitiesAndOtherOperatingLiabilities_634800148766623046" order="8" use="optional" weight="1" priority="2" />
    <loc xlink:type="locator" xlink:href="http://xbrl.fasb.org/us-gaap/2012/elts/us-gaap-2012-01-31.xsd#us-gaap_IncreaseDecreaseInLoansHeldForSale" xlink:label="us-gaap_IncreaseDecreaseInLoansHeldForSale_634800148766623046" />
    <calculationArc xlink:type="arc" xlink:arcrole="http://www.xbrl.org/2003/arcrole/summation-item" xlink:from="us-gaap_NetCashProvidedByUsedInOperatingActivities_634800148766623046" xlink:to="us-gaap_IncreaseDecreaseInLoansHeldForSale_634800148766623046" order="9" use="optional" weight="-1" priority="3" />
    <loc xlink:type="locator" xlink:href="http://xbrl.fasb.org/us-gaap/2012/elts/us-gaap-2012-01-31.xsd#us-gaap_OtherThanTemporaryImpairmentLossesInvestmentsAvailableforsaleSecurities" xlink:label="us-gaap_OtherThanTemporaryImpairmentLossesInvestmentsAvailableforsaleSecurities_634800148766623046" />
    <calculationArc xlink:type="arc" xlink:arcrole="http://www.xbrl.org/2003/arcrole/summation-item" xlink:from="us-gaap_NetCashProvidedByUsedInOperatingActivities_634800148766623046" xlink:to="us-gaap_OtherThanTemporaryImpairmentLossesInvestmentsAvailableforsaleSecurities_634800148766623046" order="10" use="optional" weight="1" priority="2" />
    <loc xlink:type="locator" xlink:href="http://xbrl.fasb.org/us-gaap/2012/elts/us-gaap-2012-01-31.xsd#us-gaap_NetCashProvidedByUsedInInvestingActivities" xlink:label="us-gaap_NetCashProvidedByUsedInInvestingActivities_634800148766623046" />
    <calculationArc xlink:type="arc" xlink:arcrole="http://www.xbrl.org/2003/arcrole/summation-item" xlink:from="us-gaap_CashAndCashEquivalentsPeriodIncreaseDecrease" xlink:to="us-gaap_NetCashProvidedByUsedInInvestingActivities_634800148766623046" order="2" use="optional" weight="1" priority="2" />
    <loc xlink:type="locator" xlink:href="http://xbrl.fasb.org/us-gaap/2012/elts/us-gaap-2012-01-31.xsd#us-gaap_ProceedsFromMaturitiesPrepaymentsAndCallsOfAvailableForSaleSecurities" xlink:label="us-gaap_ProceedsFromMaturitiesPrepaymentsAndCallsOfAvailableForSaleSecurities_634800148766623046" />
    <calculationArc xlink:type="arc" xlink:arcrole="http://www.xbrl.org/2003/arcrole/summation-item" xlink:from="us-gaap_NetCashProvidedByUsedInInvestingActivities_634800148766623046" xlink:to="us-gaap_ProceedsFromMaturitiesPrepaymentsAndCallsOfAvailableForSaleSecurities_634800148766623046" order="1" use="optional" weight="1" priority="2" />
    <loc xlink:type="locator" xlink:href="http://xbrl.fasb.org/us-gaap/2012/elts/us-gaap-2012-01-31.xsd#us-gaap_ProceedsFromMaturitiesPrepaymentsAndCallsOfMortgageBackedSecuritiesMBS" xlink:label="us-gaap_ProceedsFromMaturitiesPrepaymentsAndCallsOfMortgageBackedSecuritiesMBS_634800148766623046" />
    <calculationArc xlink:type="arc" xlink:arcrole="http://www.xbrl.org/2003/arcrole/summation-item" xlink:from="us-gaap_NetCashProvidedByUsedInInvestingActivities_634800148766623046" xlink:to="us-gaap_ProceedsFromMaturitiesPrepaymentsAndCallsOfMortgageBackedSecuritiesMBS_634800148766623046" order="2" use="optional" weight="1" priority="2" />
    <loc xlink:type="locator" xlink:href="http://xbrl.fasb.org/us-gaap/2012/elts/us-gaap-2012-01-31.xsd#us-gaap_PaymentsForProceedsFromOtherInvestingActivities" xlink:label="us-gaap_PaymentsForProceedsFromOtherInvestingActivities_634800148766623046" />
    <calculationArc xlink:type="arc" xlink:arcrole="http://www.xbrl.org/2003/arcrole/summation-item" xlink:from="us-gaap_NetCashProvidedByUsedInInvestingActivities_634800148766623046" xlink:to="us-gaap_PaymentsForProceedsFromOtherInvestingActivities_634800148766623046" order="3" use="optional" weight="-1" priority="2" />
    <loc xlink:type="locator" xlink:href="http://xbrl.fasb.org/us-gaap/2012/elts/us-gaap-2012-01-31.xsd#us-gaap_PaymentsForProceedsFromLoansAndLeases" xlink:label="us-gaap_PaymentsForProceedsFromLoansAndLeases_634800148766623046" />
    <calculationArc xlink:type="arc" xlink:arcrole="http://www.xbrl.org/2003/arcrole/summation-item" xlink:from="us-gaap_NetCashProvidedByUsedInInvestingActivities_634800148766623046" xlink:to="us-gaap_PaymentsForProceedsFromLoansAndLeases_634800148766623046" order="4" use="optional" weight="-1" priority="2" />
    <loc xlink:type="locator" xlink:href="http://xbrl.fasb.org/us-gaap/2012/elts/us-gaap-2012-01-31.xsd#us-gaap_ProceedsFromSaleOfOtherRealEstate" xlink:label="us-gaap_ProceedsFromSaleOfOtherRealEstate_634800148766623046" />
    <calculationArc xlink:type="arc" xlink:arcrole="http://www.xbrl.org/2003/arcrole/summation-item" xlink:from="us-gaap_NetCashProvidedByUsedInInvestingActivities_634800148766623046" xlink:to="us-gaap_ProceedsFromSaleOfOtherRealEstate_634800148766623046" order="5" use="optional" weight="1" priority="2" />
    <loc xlink:type="locator" xlink:href="http://xbrl.fasb.org/us-gaap/2012/elts/us-gaap-2012-01-31.xsd#us-gaap_PaymentsToAcquirePropertyPlantAndEquipment" xlink:label="us-gaap_PaymentsToAcquirePropertyPlantAndEquipment_634800148766623046" />
    <calculationArc xlink:type="arc" xlink:arcrole="http://www.xbrl.org/2003/arcrole/summation-item" xlink:from="us-gaap_NetCashProvidedByUsedInInvestingActivities_634800148766623046" xlink:to="us-gaap_PaymentsToAcquirePropertyPlantAndEquipment_634800148766623046" order="6" use="optional" weight="-1" priority="2" />
    <loc xlink:type="locator" xlink:href="http://xbrl.fasb.org/us-gaap/2012/elts/us-gaap-2012-01-31.xsd#us-gaap_PaymentsForProceedsFromFederalHomeLoanBankStock" xlink:label="us-gaap_PaymentsForProceedsFromFederalHomeLoanBankStock_634800148766623046" />
    <calculationArc xlink:type="arc" xlink:arcrole="http://www.xbrl.org/2003/arcrole/summation-item" xlink:from="us-gaap_NetCashProvidedByUsedInInvestingActivities_634800148766623046" xlink:to="us-gaap_PaymentsForProceedsFromFederalHomeLoanBankStock_634800148766623046" order="7" use="optional" weight="-1" priority="2" />
    <loc xlink:type="locator" xlink:href="http://xbrl.fasb.org/us-gaap/2012/elts/us-gaap-2012-01-31.xsd#us-gaap_PaymentsToAcquireAvailableForSaleSecuritiesDebt" xlink:label="us-gaap_PaymentsToAcquireAvailableForSaleSecuritiesDebt_634800148766623046" />
    <calculationArc xlink:type="arc" xlink:arcrole="http://www.xbrl.org/2003/arcrole/summation-item" xlink:from="us-gaap_NetCashProvidedByUsedInInvestingActivities_634800148766623046" xlink:to="us-gaap_PaymentsToAcquireAvailableForSaleSecuritiesDebt_634800148766623046" order="8" use="optional" weight="-1" priority="2" />
    <loc xlink:type="locator" xlink:href="cik0000861955-20120630.xsd#cik0000861955_PurchaseOfSecuritiesAvailableForSale" xlink:label="cik0000861955_PurchaseOfSecuritiesAvailableForSale_634800148766623046" />
    <calculationArc xlink:type="arc" xlink:arcrole="http://www.xbrl.org/2003/arcrole/summation-item" xlink:from="us-gaap_NetCashProvidedByUsedInInvestingActivities_634800148766623046" xlink:to="cik0000861955_PurchaseOfSecuritiesAvailableForSale_634800148766623046" order="9" use="optional" weight="-1" priority="2" />
    <loc xlink:type="locator" xlink:href="http://xbrl.fasb.org/us-gaap/2012/elts/us-gaap-2012-01-31.xsd#us-gaap_NetCashProvidedByUsedInFinancingActivities" xlink:label="us-gaap_NetCashProvidedByUsedInFinancingActivities_634800148766623046" />
    <calculationArc xlink:type="arc" xlink:arcrole="http://www.xbrl.org/2003/arcrole/summation-item" xlink:from="us-gaap_CashAndCashEquivalentsPeriodIncreaseDecrease" xlink:to="us-gaap_NetCashProvidedByUsedInFinancingActivities_634800148766623046" order="3" use="optional" weight="1" priority="2" />
    <loc xlink:type="locator" xlink:href="http://xbrl.fasb.org/us-gaap/2012/elts/us-gaap-2012-01-31.xsd#us-gaap_IncreaseDecreaseInDeposits" xlink:label="us-gaap_IncreaseDecreaseInDeposits_634800148766623046" />
    <calculationArc xlink:type="arc" xlink:arcrole="http://www.xbrl.org/2003/arcrole/summation-item" xlink:from="us-gaap_NetCashProvidedByUsedInFinancingActivities_634800148766623046" xlink:to="us-gaap_IncreaseDecreaseInDeposits_634800148766623046" order="1" use="optional" weight="1" priority="2" />
    <loc xlink:type="locator" xlink:href="http://xbrl.fasb.org/us-gaap/2012/elts/us-gaap-2012-01-31.xsd#us-gaap_ProceedsFromRepaymentsOfShortTermDebt" xlink:label="us-gaap_ProceedsFromRepaymentsOfShortTermDebt_634800148766623046" />
    <calculationArc xlink:type="arc" xlink:arcrole="http://www.xbrl.org/2003/arcrole/summation-item" xlink:from="us-gaap_NetCashProvidedByUsedInFinancingActivities_634800148766623046" xlink:to="us-gaap_ProceedsFromRepaymentsOfShortTermDebt_634800148766623046" order="2" use="optional" weight="1" priority="2" />
  </calculationLink>
  <calculationLink xlink:role="http://www.cibmarine.com/role/DisclosureSecuritiesScheduleOfAmortizedCostGrossUnrealizedGainsAndLossesAndFairValuesOfSecuritiesDetails" xlink:type="extended" xlink:title="40202 - Disclosure - Securities (Schedule Of Amortized Cost, Gross Unrealized Gains And Losses And Fair Values Of Securities) (Details)">
    <loc xlink:type="locator" xlink:href="http://xbrl.fasb.org/us-gaap/2012/elts/us-gaap-2012-01-31.xsd#us-gaap_AvailableForSaleSecurities" xlink:label="us-gaap_AvailableForSaleSecurities" />
    <loc xlink:type="locator" xlink:href="http://xbrl.fasb.org/us-gaap/2012/elts/us-gaap-2012-01-31.xsd#us-gaap_AvailableForSaleSecuritiesAmortizedCost" xlink:label="us-gaap_AvailableForSaleSecuritiesAmortizedCost_634800148766623046" />
    <calculationArc xlink:type="arc" xlink:arcrole="http://www.xbrl.org/2003/arcrole/summation-item" xlink:from="us-gaap_AvailableForSaleSecurities" xlink:to="us-gaap_AvailableForSaleSecuritiesAmortizedCost_634800148766623046" order="1" use="optional" weight="1" priority="3" />
    <loc xlink:type="locator" xlink:href="http://xbrl.fasb.org/us-gaap/2012/elts/us-gaap-2012-01-31.xsd#us-gaap_AvailableforsaleSecuritiesGrossUnrealizedGain" xlink:label="us-gaap_AvailableforsaleSecuritiesGrossUnrealizedGain_634800148766623046" />
    <calculationArc xlink:type="arc" xlink:arcrole="http://www.xbrl.org/2003/arcrole/summation-item" xlink:from="us-gaap_AvailableForSaleSecurities" xlink:to="us-gaap_AvailableforsaleSecuritiesGrossUnrealizedGain_634800148766623046" order="2" use="optional" weight="1" priority="3" />
    <loc xlink:type="locator" xlink:href="http://xbrl.fasb.org/us-gaap/2012/elts/us-gaap-2012-01-31.xsd#us-gaap_AvailableForSaleSecuritiesGrossUnrealizedLosses1" xlink:label="us-gaap_AvailableForSaleSecuritiesGrossUnrealizedLosses1_634800148766623046" />
    <calculationArc xlink:type="arc" xlink:arcrole="http://www.xbrl.org/2003/arcrole/summation-item" xlink:from="us-gaap_AvailableForSaleSecurities" xlink:to="us-gaap_AvailableForSaleSecuritiesGrossUnrealizedLosses1_634800148766623046" order="3" use="optional" weight="-1" priority="3" />
  </calculationLink>
  <calculationLink xlink:role="http://www.cibmarine.com/role/DisclosureSecuritiesScheduleOfAvailableForSaleSecuritiesContinuousUnrealizedLossPositionDetails" xlink:type="extended" xlink:title="40204 - Disclosure - Securities (Schedule Of Available For Sale Securities Continuous Unrealized Loss Position) (Details)">
    <loc xlink:type="locator" xlink:href="http://xbrl.fasb.org/us-gaap/2012/elts/us-gaap-2012-01-31.xsd#us-gaap_AvailableforsaleSecuritiesContinuousUnrealizedLossPositionAggregateLosses2" xlink:label="us-gaap_AvailableforsaleSecuritiesContinuousUnrealizedLossPositionAggregateLosses2" />
    <loc xlink:type="locator" xlink:href="http://xbrl.fasb.org/us-gaap/2012/elts/us-gaap-2012-01-31.xsd#us-gaap_AvailableforsaleSecuritiesContinuousUnrealizedLossPosition12MonthsOrLongerAggregateLosses2" xlink:label="us-gaap_AvailableforsaleSecuritiesContinuousUnrealizedLossPosition12MonthsOrLongerAggregateLosses2_634800148766623046" />
    <calculationArc xlink:type="arc" xlink:arcrole="http://www.xbrl.org/2003/arcrole/summation-item" xlink:from="us-gaap_AvailableforsaleSecuritiesContinuousUnrealizedLossPositionAggregateLosses2" xlink:to="us-gaap_AvailableforsaleSecuritiesContinuousUnrealizedLossPosition12MonthsOrLongerAggregateLosses2_634800148766623046" order="1" use="optional" weight="1" priority="2" />
    <loc xlink:type="locator" xlink:href="http://xbrl.fasb.org/us-gaap/2012/elts/us-gaap-2012-01-31.xsd#us-gaap_AvailableforsaleSecuritiesContinuousUnrealizedLossPositionLessThan12MonthsAggregateLosses2" xlink:label="us-gaap_AvailableforsaleSecuritiesContinuousUnrealizedLossPositionLessThan12MonthsAggregateLosses2_634800148766623046" />
    <calculationArc xlink:type="arc" xlink:arcrole="http://www.xbrl.org/2003/arcrole/summation-item" xlink:from="us-gaap_AvailableforsaleSecuritiesContinuousUnrealizedLossPositionAggregateLosses2" xlink:to="us-gaap_AvailableforsaleSecuritiesContinuousUnrealizedLossPositionLessThan12MonthsAggregateLosses2_634800148766623046" order="2" use="optional" weight="1" priority="2" />
    <loc xlink:type="locator" xlink:href="http://xbrl.fasb.org/us-gaap/2012/elts/us-gaap-2012-01-31.xsd#us-gaap_AvailableForSaleSecuritiesContinuousUnrealizedLossPositionFairValue" xlink:label="us-gaap_AvailableForSaleSecuritiesContinuousUnrealizedLossPositionFairValue" />
    <loc xlink:type="locator" xlink:href="http://xbrl.fasb.org/us-gaap/2012/elts/us-gaap-2012-01-31.xsd#us-gaap_AvailableForSaleSecuritiesContinuousUnrealizedLossPositionLessThanTwelveMonthsFairValue" xlink:label="us-gaap_AvailableForSaleSecuritiesContinuousUnrealizedLossPositionLessThanTwelveMonthsFairValue_634800148766623046" />
    <calculationArc xlink:type="arc" xlink:arcrole="http://www.xbrl.org/2003/arcrole/summation-item" xlink:from="us-gaap_AvailableForSaleSecuritiesContinuousUnrealizedLossPositionFairValue" xlink:to="us-gaap_AvailableForSaleSecuritiesContinuousUnrealizedLossPositionLessThanTwelveMonthsFairValue_634800148766623046" order="1" use="optional" weight="1" priority="2" />
    <loc xlink:type="locator" xlink:href="http://xbrl.fasb.org/us-gaap/2012/elts/us-gaap-2012-01-31.xsd#us-gaap_AvailableForSaleSecuritiesContinuousUnrealizedLossPositionTwelveMonthsOrLongerFairValue" xlink:label="us-gaap_AvailableForSaleSecuritiesContinuousUnrealizedLossPositionTwelveMonthsOrLongerFairValue_634800148766623046" />
    <calculationArc xlink:type="arc" xlink:arcrole="http://www.xbrl.org/2003/arcrole/summation-item" xlink:from="us-gaap_AvailableForSaleSecuritiesContinuousUnrealizedLossPositionFairValue" xlink:to="us-gaap_AvailableForSaleSecuritiesContinuousUnrealizedLossPositionTwelveMonthsOrLongerFairValue_634800148766623046" order="2" use="optional" weight="1" priority="2" />
  </calculationLink>
  <calculationLink xlink:role="http://www.cibmarine.com/role/DisclosureLoansAndAllowanceForLoanLossesAgingOfRecordedInvestmentInPastDueLoansDetails" xlink:type="extended" xlink:title="40303 - Disclosure - Loans And Allowance For Loan Losses (Aging Of The Recorded Investment In Past Due Loans) (Details)">
    <loc xlink:type="locator" xlink:href="http://xbrl.fasb.org/us-gaap/2012/elts/us-gaap-2012-01-31.xsd#us-gaap_NotesReceivableNet" xlink:label="us-gaap_NotesReceivableNet" />
    <loc xlink:type="locator" xlink:href="http://xbrl.fasb.org/us-gaap/2012/elts/us-gaap-2012-01-31.xsd#us-gaap_FinancingReceivableRecordedInvestmentPastDue" xlink:label="us-gaap_FinancingReceivableRecordedInvestmentPastDue_634800148766623046" />
    <calculationArc xlink:type="arc" xlink:arcrole="http://www.xbrl.org/2003/arcrole/summation-item" xlink:from="us-gaap_NotesReceivableNet" xlink:to="us-gaap_FinancingReceivableRecordedInvestmentPastDue_634800148766623046" order="1" use="optional" weight="1" priority="2" />
    <loc xlink:type="locator" xlink:href="http://xbrl.fasb.org/us-gaap/2012/elts/us-gaap-2012-01-31.xsd#us-gaap_FinancingReceivableRecordedInvestment60To89DaysPastDue" xlink:label="us-gaap_FinancingReceivableRecordedInvestment60To89DaysPastDue_634800148766623046" />
    <calculationArc xlink:type="arc" xlink:arcrole="http://www.xbrl.org/2003/arcrole/summation-item" xlink:from="us-gaap_FinancingReceivableRecordedInvestmentPastDue_634800148766623046" xlink:to="us-gaap_FinancingReceivableRecordedInvestment60To89DaysPastDue_634800148766623046" order="1" use="optional" weight="1" priority="3" />
    <loc xlink:type="locator" xlink:href="http://xbrl.fasb.org/us-gaap/2012/elts/us-gaap-2012-01-31.xsd#us-gaap_FinancingReceivableRecordedInvestment30To59DaysPastDue" xlink:label="us-gaap_FinancingReceivableRecordedInvestment30To59DaysPastDue_634800148766623046" />
    <calculationArc xlink:type="arc" xlink:arcrole="http://www.xbrl.org/2003/arcrole/summation-item" xlink:from="us-gaap_FinancingReceivableRecordedInvestmentPastDue_634800148766623046" xlink:to="us-gaap_FinancingReceivableRecordedInvestment30To59DaysPastDue_634800148766623046" order="2" use="optional" weight="1" priority="3" />
    <loc xlink:type="locator" xlink:href="cik0000861955-20120630.xsd#cik0000861955_FinancingReceivableRecordedInvestmentEqualToGreaterThanEightyNineDaysPastDue" xlink:label="cik0000861955_FinancingReceivableRecordedInvestmentEqualToGreaterThanEightyNineDaysPastDue_634800148766623046" />
    <calculationArc xlink:type="arc" xlink:arcrole="http://www.xbrl.org/2003/arcrole/summation-item" xlink:from="us-gaap_FinancingReceivableRecordedInvestmentPastDue_634800148766623046" xlink:to="cik0000861955_FinancingReceivableRecordedInvestmentEqualToGreaterThanEightyNineDaysPastDue_634800148766623046" order="3" use="optional" weight="1" priority="3" />
    <loc xlink:type="locator" xlink:href="http://xbrl.fasb.org/us-gaap/2012/elts/us-gaap-2012-01-31.xsd#us-gaap_FinancingReceivableRecordedInvestmentCurrent" xlink:label="us-gaap_FinancingReceivableRecordedInvestmentCurrent_634800148766623046" />
    <calculationArc xlink:type="arc" xlink:arcrole="http://www.xbrl.org/2003/arcrole/summation-item" xlink:from="us-gaap_NotesReceivableNet" xlink:to="us-gaap_FinancingReceivableRecordedInvestmentCurrent_634800148766623046" order="2" use="optional" weight="1" priority="2" />
  </calculationLink>
  <calculationLink xlink:role="http://www.cibmarine.com/role/DisclosureLoansAndAllowanceForLoanLossesImpairedFinancingReceivablesDetails" xlink:type="extended" xlink:title="40306 - Disclosure - Loans And Allowance For Loan Losses (Impaired Financing Receivables) (Details)">
    <loc xlink:type="locator" xlink:href="cik0000861955-20120630.xsd#cik0000861955_ImpairedLoansTotal" xlink:label="cik0000861955_ImpairedLoansTotal" />
    <loc xlink:type="locator" xlink:href="cik0000861955-20120630.xsd#cik0000861955_ImpairedLoansWithSpecificAllowance" xlink:label="cik0000861955_ImpairedLoansWithSpecificAllowance_634800148766623046" />
    <calculationArc xlink:type="arc" xlink:arcrole="http://www.xbrl.org/2003/arcrole/summation-item" xlink:from="cik0000861955_ImpairedLoansTotal" xlink:to="cik0000861955_ImpairedLoansWithSpecificAllowance_634800148766623046" order="1" use="optional" weight="1" priority="2" />
    <loc xlink:type="locator" xlink:href="cik0000861955-20120630.xsd#cik0000861955_ImpairedLoansWithoutSpecificAllowance" xlink:label="cik0000861955_ImpairedLoansWithoutSpecificAllowance_634800148766623046" />
    <calculationArc xlink:type="arc" xlink:arcrole="http://www.xbrl.org/2003/arcrole/summation-item" xlink:from="cik0000861955_ImpairedLoansTotal" xlink:to="cik0000861955_ImpairedLoansWithoutSpecificAllowance_634800148766623046" order="2" use="optional" weight="1" priority="2" />
  </calculationLink>
</linkbase>